"code","name","ipo_date","papan_pencatatan","industry"
"AALI","Astra Agro Lestari Tbk.","1997-12-09","Utama","Consumer Non-Cyclicals"
"ABBA","Mahaka Media Tbk.","2002-04-03","Pemantauan Khusus","Consumer Cyclicals"
"ABDA","Asuransi Bina Dana Arta Tbk.","1989-07-06","Pemantauan Khusus","Financials"
"ABMM","ABM Investama Tbk.","2011-12-06","Utama","Energy"
"ACES","Aspirasi Hidup Indonesia Tbk.","2007-11-06","Utama","Consumer Cyclicals"
"ACRO","Samcro Hyosung Adilestari Tbk.","2024-01-11","Pengembangan","Consumer Cyclicals"
"ACST","Acset Indonusa Tbk.","2013-06-24","Pengembangan","Infrastructure"
"ADCP","Adhi Commuter Properti Tbk.","2021-05-21","Pengembangan","Properties & Real Estate"
"ADES","Akasha Wira International Tbk.","1994-06-13","Pengembangan","Consumer Non-Cyclicals"
"ADHI","Adhi Karya (Persero) Tbk.","2004-03-18","Utama","Infrastructure"
"ADMF","Adira Dinamika Multi Finance T","2004-03-31","Pengembangan","Financials"
"ADMG","Polychem Indonesia Tbk","1993-10-20","Pengembangan","Basic Materials"
"ADMR","Adaro Minerals Indonesia Tbk.","2022-01-03","Utama","Energy"
"ADRO","Alamtri Resources Indonesia Tb","2008-07-16","Utama","Energy"
"AEGS","Anugerah Spareparts Sejahtera","2023-09-11","Akselerasi","Consumer Cyclicals"
"AGAR","Asia Sejahtera Mina Tbk.","2019-12-02","Pengembangan","Consumer Non-Cyclicals"
"AGII","Samator Indo Gas Tbk.","2016-09-28","Pengembangan","Basic Materials"
"AGRO","Bank Raya Indonesia Tbk.","2003-08-08","Utama","Financials"
"AGRS","Bank IBK Indonesia Tbk.","2014-12-22","Pengembangan","Financials"
"AHAP","Asuransi Harta Aman Pratama Tbk.","1990-09-14","Pengembangan","Financials"
"AIMS","Artha Mahiya Investama Tbk.","2001-07-20","Pengembangan","Energy"
"AISA","FKS Food Sejahtera Tbk.","1997-06-11","Utama","Consumer Non-Cyclicals"
"AKKU","Anugerah Kagum Karya Utama Tbk","2004-11-01","Pemantauan Khusus","Consumer Cyclicals"
"AKPI","Argha Karya Prima Industry Tbk","1992-12-18","Pengembangan","Basic Materials"
"AKRA","AKR Corporindo Tbk.","1994-10-03","Utama","Energy"
"AKSI","Mineral Sumberdaya Mandiri Tbk","2001-07-13","Pengembangan","Transportation & Logistics"
"ALDO","Alkindo Naratama Tbk.","2011-07-12","Pengembangan","Basic Materials"
"ALII","Ancara Logistics Indonesia Tbk","2024-02-07","Utama","Energy"
"ALKA","Alakasa Industrindo Tbk","1990-07-12","Pengembangan","Basic Materials"
"ALMI","Alumindo Light Metal Industry","1997-01-02","Pemantauan Khusus","Basic Materials"
"ALTO","Tri Banyan Tirta Tbk.","2012-07-10","Pemantauan Khusus","Consumer Non-Cyclicals"
"AMAG","Asuransi Multi Artha Guna Tbk.","2005-12-23","Pengembangan","Financials"
"AMAN","Makmur Berkah Amanda Tbk.","2020-03-13","Pengembangan","Properties & Real Estate"
"AMAR","Bank Amar Indonesia Tbk.","2020-01-09","Pengembangan","Financials"
"AMFG","Asahimas Flat Glass Tbk.","1995-11-08","Utama","Industrials"
"AMIN","Ateliers Mecaniques D Indonesi","2015-12-10","Pengembangan","Industrials"
"AMMN","Amman Mineral Internasional Tb","2023-07-07","Utama","Basic Materials"
"AMMS","Agung Menjangan Mas Tbk.","2022-08-04","Akselerasi","Consumer Non-Cyclicals"
"AMOR","Ashmore Asset Management Indon","2020-01-14","Pengembangan","Financials"
"AMRT","Sumber Alfaria Trijaya Tbk.","2009-01-15","Utama","Consumer Non-Cyclicals"
"ANDI","Andira Agro Tbk.","2018-08-16","Pemantauan Khusus","Consumer Non-Cyclicals"
"ANJT","Austindo Nusantara Jaya Tbk.","2013-05-08","Pengembangan","Consumer Non-Cyclicals"
"ANTM","Aneka Tambang Tbk.","1997-11-27","Utama","Basic Materials"
"APEX","Apexindo Pratama Duta Tbk.","2013-06-05","Pengembangan","Energy"
"APIC","Pacific Strategic Financial Tb","2002-12-18","Pengembangan","Financials"
"APII","Arita Prima Indonesia Tbk.","2013-10-29","Pengembangan","Industrials"
"APLI","Asiaplast Industries Tbk.","2000-05-01","Pengembangan","Basic Materials"
"APLN","Agung Podomoro Land Tbk.","2010-11-11","Utama","Properties & Real Estate"
"ARCI","Archi Indonesia Tbk.","2021-06-28","Pengembangan","Basic Materials"
"AREA","Dunia Virtual Online Tbk.","2024-04-01","Pengembangan","Technology"
"ARGO","Argo Pantes Tbk","1991-01-07","Pengembangan","Consumer Cyclicals"
"ARII","Atlas Resources Tbk.","2011-11-08","Pengembangan","Energy"
"ARKA","Arkha Jayanti Persada Tbk.","2019-07-10","Pemantauan Khusus","Industrials"
"ARKO","Arkora Hydro Tbk.","2022-07-08","Pengembangan","Infrastructure"
"ARMY","Armidian Karyatama Tbk.","2017-06-21","Pemantauan Khusus","Properties & Real Estate"
"ARNA","Arwana Citramulia Tbk.","2001-07-17","Utama","Industrials"
"ARTA","Arthavest Tbk","2002-11-05","Pemantauan Khusus","Consumer Cyclicals"
"ARTI","Ratu Prabu Energi Tbk","2003-04-30","Pemantauan Khusus","Energy"
"ARTO","Bank Jago Tbk.","2016-01-12","Utama","Financials"
"ASBI","Asuransi Bintang Tbk.","1989-11-29","Pengembangan","Financials"
"ASDM","Asuransi Dayin Mitra Tbk.","1989-12-15","Pengembangan","Financials"
"ASGR","Astra Graphia Tbk.","1989-11-15","Utama","Industrials"
"ASHA","Cilacap Samudera Fishing Indus","2022-05-27","Pemantauan Khusus","Consumer Non-Cyclicals"
"ASII","Astra International Tbk.","1990-04-04","Utama","Industrials"
"ASJT","Asuransi Jasa Tania Tbk.","2003-12-23","Pengembangan","Financials"
"ASLC","Autopedia Sukses Lestari Tbk.","2022-01-25","Pengembangan","Consumer Cyclicals"
"ASLI","Asri Karya Lestari Tbk.","2024-01-05","Pengembangan","Infrastructure"
"ASMI","Asuransi Maximus Graha Persada","2014-01-16","Pemantauan Khusus","Financials"
"ASPI","Andalan Sakti Primaindo Tbk.","2020-02-17","Pengembangan","Properties & Real Estate"
"ASRI","Alam Sutera Realty Tbk.","2007-12-18","Utama","Properties & Real Estate"
"ASRM","Asuransi Ramayana Tbk.","1990-03-19","Pengembangan","Financials"
"ASSA","Adi Sarana Armada Tbk.","2012-11-12","Utama","Transportation & Logistics"
"ATAP","Trimitra Prawara Goldland Tbk.","2020-12-11","Pemantauan Khusus","Properties & Real Estate"
"ATIC","Anabatic Technologies Tbk.","2015-07-08","Pengembangan","Technology"
"ATLA","Atlantis Subsea Indonesia Tbk.","2024-04-16","Pengembangan","Energy"
"AUTO","Astra Otoparts Tbk.","1998-06-15","Utama","Consumer Cyclicals"
"AVIA","Avia Avian Tbk.","2021-12-08","Utama","Basic Materials"
"AWAN","Era Digital Media Tbk.","2023-04-18","Pengembangan","Technology"
"AXIO","Tera Data Indonusa Tbk.","2022-07-20","Utama","Technology"
"AYAM","Janu Putra Sejahtera Tbk.","2023-11-30","Pengembangan","Consumer Non-Cyclicals"
"AYLS","Agro Yasa Lestari Tbk.","2020-02-12","Pengembangan","Basic Materials"
"PTBA","Bukit Asam Tbk.","2002-12-23","Utama","Energy"
"BABP","Bank MNC Internasional Tbk.","2002-07-15","Pengembangan","Financials"
"BABY","Multitrend Indo Tbk.","2023-09-07","Pengembangan","Consumer Cyclicals"
"BACA","Bank Capital Indonesia Tbk.","2007-10-04","Utama","Financials"
"BAIK","Bersama Mencapai Puncak Tbk.","2024-02-15","Pengembangan","Consumer Cyclicals"
"BAJA","Saranacentral Bajatama Tbk.","2011-12-21","Pengembangan","Basic Materials"
"BALI","Bali Towerindo Sentra Tbk.","2014-03-13","Utama","Infrastructure"
"BANK","Bank Aladin Syariah Tbk.","2021-02-01","Utama","Financials"
"BAPA","Bekasi Asri Pemula Tbk.","2008-01-14","Pengembangan","Properties & Real Estate"
"BAPI","Bhakti Agung Propertindo Tbk.","2019-09-16","Pemantauan Khusus","Properties & Real Estate"
"BATA","Sepatu Bata Tbk.","1982-03-24","Pengembangan","Consumer Cyclicals"
"BATR","Benteng Api Technic Tbk.","2024-06-10","Pengembangan","Basic Materials"
"BAUT","Mitra Angkasa Sejahtera Tbk.","2022-01-28","Pemantauan Khusus","Consumer Cyclicals"
"BAYU","Bayu Buana Tbk","1989-10-30","Pengembangan","Consumer Cyclicals"
"BBCA","Bank Central Asia Tbk.","2000-05-31","Utama","Financials"
"BBHI","Allo Bank Indonesia Tbk.","2015-08-12","Utama","Financials"
"BBKP","Bank KB Bukopin Tbk.","2006-07-10","Utama","Financials"
"BBLD","Buana Finance Tbk.","1990-05-07","Pengembangan","Financials"
"BBMD","Bank Mestika Dharma Tbk.","2013-07-08","Pengembangan","Financials"
"BBNI","Bank Negara Indonesia (Persero) Tbk.","1996-11-25","Utama","Financials"
"BBRI","Bank Rakyat Indonesia (Persero) Tbk.","2003-11-10","Utama","Financials"
"BBRM","Pelayaran Nasional Bina Buana","2013-01-09","Pengembangan","Energy"
"BBSI","Krom Bank Indonesia Tbk.","2020-09-07","Pengembangan","Financials"
"BBSS","Bumi Benowo Sukses Sejahtera T","2020-04-15","Pengembangan","Properties & Real Estate"
"BBTN","Bank Tabungan Negara (Persero)","2009-12-17","Utama","Financials"
"BBYB","Bank Neo Commerce Tbk.","2015-01-13","Utama","Financials"
"BCAP","MNC Kapital Indonesia Tbk.","2001-06-08","Utama","Financials"
"BCIC","Bank JTrust Indonesia Tbk.","1997-06-25","Pengembangan","Financials"
"BCIP","Bumi Citra Permai Tbk.","2009-12-11","Pengembangan","Properties & Real Estate"
"BDKR","Berdikari Pondasi Perkasa Tbk.","2023-03-03","Utama","Infrastructure"
"BDMN","Bank Danamon Indonesia Tbk.","1989-12-06","Utama","Financials"
"BEBS","Berkah Beton Sadaya Tbk.","2021-03-10","Pemantauan Khusus","Basic Materials"
"BEEF","Estika Tata Tiara Tbk.","2019-01-10","Pengembangan","Consumer Non-Cyclicals"
"BEER","Jobubu Jarum Minahasa Tbk.","2023-01-06","Pengembangan","Consumer Non-Cyclicals"
"BEKS","Bank Pembangunan Daerah Banten","2001-07-13","Pemantauan Khusus","Financials"
"BELI","Global Digital Niaga Tbk.","2022-11-08","Ekonomi Baru","Technology"
"BELL","Trisula Textile Industries Tbk","2017-10-03","Pengembangan","Consumer Cyclicals"
"BESS","Batulicin Nusantara Maritim Tb","2020-03-09","Pengembangan","Energy"
"BEST","Bekasi Fajar Industrial Estate","2012-04-10","Utama","Properties & Real Estate"
"BFIN","BFI Finance  Indonesia Tbk.","1990-05-16","Utama","Financials"
"BGTG","Bank Ganesha Tbk.","2016-05-12","Pengembangan","Financials"
"BHAT","Bhakti Multi Artha Tbk.","2020-04-15","Pengembangan","Financials"
"BHIT","MNC Asia Holding Tbk.","1997-11-24","Pemantauan Khusus","Industrials"
"BIKA","Binakarya Jaya Abadi Tbk.","2015-07-14","Pemantauan Khusus","Properties & Real Estate"
"BIKE","Sepeda Bersama Indonesia Tbk.","2022-03-21","Pengembangan","Consumer Cyclicals"
"BIMA","Primarindo Asia Infrastructure","1994-08-30","Pengembangan","Consumer Cyclicals"
"BINA","Bank Ina Perdana Tbk.","2014-01-16","Utama","Financials"
"BINO","Perma Plasindo Tbk.","2021-11-25","Pengembangan","Industrials"
"BIPI","Astrindo Nusantara Infrastrukt","2010-02-11","Pengembangan","Energy"
"BIPP","Bhuwanatala Indah Permai Tbk.","1995-10-23","Pemantauan Khusus","Properties & Real Estate"
"BIRD","Blue Bird Tbk.","2014-11-05","Utama","Transportation & Logistics"
"BISI","BISI International Tbk.","2007-05-28","Utama","Consumer Non-Cyclicals"
"BJBR","Bank Pembangunan Daerah Jawa B","2010-07-08","Utama","Financials"
"BJTM","Bank Pembangunan Daerah Jawa T","2012-07-12","Utama","Financials"
"BKDP","Bukit Darmo Property Tbk.","2007-06-15","Pemantauan Khusus","Properties & Real Estate"
"BKSL","Sentul City Tbk.","1997-07-28","Pemantauan Khusus","Properties & Real Estate"
"BKSW","Bank QNB Indonesia Tbk.","2002-11-21","Pengembangan","Financials"
"BLES","Superior Prima Sukses Tbk.","2024-07-08","Utama","Basic Materials"
"BLTA","Berlian Laju Tanker Tbk","1990-03-26","Pemantauan Khusus","Transportation & Logistics"
"BLTZ","Graha Layar Prima Tbk.","2014-04-10","Pemantauan Khusus","Consumer Cyclicals"
"BLUE","Berkah Prima Perkasa Tbk.","2019-07-08","Pengembangan","Industrials"
"BMAS","Bank Maspion Indonesia Tbk.","2013-07-11","Pemantauan Khusus","Financials"
"BMBL","Lavender Bina Cendikia Tbk.","2023-01-11","Akselerasi","Consumer Cyclicals"
"BMHS","Bundamedik Tbk.","2021-07-06","Utama","Healthcare"
"BMRI","Bank Mandiri (Persero) Tbk.","2003-07-14","Utama","Financials"
"BMSR","Bintang Mitra Semestaraya Tbk","1999-12-29","Pengembangan","Basic Materials"
"BMTR","Global Mediacom Tbk.","1995-07-17","Utama","Consumer Cyclicals"
"BNBA","Bank Bumi Arta Tbk.","2006-06-01","Pengembangan","Financials"
"BNBR","Bakrie & Brothers Tbk","1989-08-28","Pemantauan Khusus","Industrials"
"BNGA","Bank CIMB Niaga Tbk.","1989-11-29","Utama","Financials"
"BNII","Bank Maybank Indonesia Tbk.","1989-11-21","Utama","Financials"
"BNLI","Bank Permata Tbk.","1990-01-15","Pengembangan","Financials"
"BOAT","Newport Marine Services Tbk.","2024-11-12","Pengembangan","Energy"
"BOBA","Formosa Ingredient Factory Tbk","2021-11-01","Pengembangan","Consumer Non-Cyclicals"
"BOGA","Bintang Oto Global Tbk.","2016-12-19","Pengembangan","Consumer Cyclicals"
"BOLA","Bali Bintang Sejahtera Tbk.","2019-06-17","Utama","Consumer Cyclicals"
"BOLT","Garuda Metalindo Tbk.","2015-07-07","Pengembangan","Consumer Cyclicals"
"BOSS","Borneo Olah Sarana Sukses Tbk.","2018-02-15","Pemantauan Khusus","Energy"
"BPFI","Woori Finance Indonesia Tbk.","2009-06-01","Pengembangan","Financials"
"BPII","Batavia Prosperindo Internasio","2014-07-08","Pengembangan","Financials"
"BPTR","Batavia Prosperindo Trans Tbk.","2018-07-09","Pengembangan","Transportation & Logistics"
"BRPT","Barito Pacific Tbk.","1993-10-01","Utama","Basic Materials"
"BRAM","Indo Kordsa Tbk.","1990-09-05","Pengembangan","Consumer Cyclicals"
"BREN","Barito Renewables Energy Tbk.","2023-10-09","Utama","Infrastructure"
"BRIS","Bank Syariah Indonesia Tbk.","2018-05-09","Utama","Financials"
"BRMS","Bumi Resources Minerals Tbk.","2010-12-09","Utama","Basic Materials"
"BRNA","Berlina Tbk.","1989-11-06","Pemantauan Khusus","Basic Materials"
"BSBK","Wulandari Bangun Laksana Tbk.","2022-11-08","Utama","Properties & Real Estate"
"BSDE","Bumi Serpong Damai Tbk.","2008-06-06","Utama","Properties & Real Estate"
"BSIM","Bank Sinarmas Tbk.","2010-12-13","Utama","Financials"
"BSML","Bintang Samudera Mandiri Lines","2021-12-16","Pengembangan","Energy"
"BSSR","Baramulti Suksessarana Tbk.","2012-11-08","Pengembangan","Energy"
"BSWD","Bank Of India Indonesia Tbk.","2002-05-01","Pemantauan Khusus","Financials"
"BTEK","Bumi Teknokultura Unggul Tbk","2004-05-14","Pemantauan Khusus","Consumer Non-Cyclicals"
"BTEL","Bakrie Telecom Tbk.","2006-02-03","Pemantauan Khusus","Infrastructure"
"BTON","Betonjaya Manunggal Tbk.","2001-07-18","Pengembangan","Basic Materials"
"BTPN","Bank SMBC Indonesia Tbk.","2008-03-12","Utama","Financials"
"BTPS","Bank BTPN Syariah Tbk.","2018-05-08","Utama","Financials"
"BUAH","Segar Kumala Indonesia Tbk.","2022-08-09","Pengembangan","Consumer Non-Cyclicals"
"BUDI","Budi Starch & Sweetener Tbk.","1995-05-08","Utama","Consumer Non-Cyclicals"
"BUKA","Bukalapak.com Tbk.","2021-08-06","Ekonomi Baru","Technology"
"BUKK","Bukaka Teknik Utama Tbk.","2015-06-29","Pengembangan","Infrastructure"
"BULL","Buana Lintas Lautan Tbk.","2011-05-23","Pengembangan","Energy"
"BUMI","Bumi Resources Tbk.","1990-07-30","Utama","Energy"
"BUVA","Bukit Uluwatu Villa Tbk.","2010-07-12","Pengembangan","Consumer Cyclicals"
"BVIC","Bank Victoria International Tb","1999-06-30","Utama","Financials"
"BWPT","Eagle High Plantations Tbk.","2009-10-27","Utama","Consumer Non-Cyclicals"
"BYAN","Bayan Resources Tbk.","2008-08-12","Utama","Energy"
"CAKK","Cahayaputra Asa Keramik Tbk.","2018-10-31","Pengembangan","Industrials"
"CAMP","Campina Ice Cream Industry Tbk","2017-12-19","Pengembangan","Consumer Non-Cyclicals"
"CANI","Capitol Nusantara Indonesia Tb","2014-01-16","Pemantauan Khusus","Energy"
"CARE","Metro Healthcare Indonesia Tbk","2020-03-13","Pengembangan","Healthcare"
"CARS","Industri dan Perdagangan Bintr","2017-04-10","Utama","Consumer Cyclicals"
"CASA","Capital Financial Indonesia Tb","2016-07-19","Pengembangan","Financials"
"CASH","Cashlez Worldwide Indonesia Tb","2020-05-04","Akselerasi","Technology"
"CASS","Cardig Aero Services Tbk.","2011-12-05","Utama","Infrastructure"
"CBMF","Cahaya Bintang Medan Tbk.","2020-04-09","Pemantauan Khusus","Consumer Cyclicals"
"CBPE","Citra Buana Prasida Tbk.","2023-01-06","Pengembangan","Properties & Real Estate"
"CBRE","Cakra Buana Resources Energi T","2023-01-09","Pemantauan Khusus","Energy"
"CBUT","Citra Borneo Utama Tbk.","2022-11-08","Utama","Consumer Non-Cyclicals"
"CCSI","Communication Cable Systems In","2019-06-18","Pengembangan","Industrials"
"CEKA","Wilmar Cahaya Indonesia Tbk.","1996-07-09","Pengembangan","Consumer Non-Cyclicals"
"CENT","Centratama Telekomunikasi Indo","2001-11-01","Pemantauan Khusus","Infrastructure"
"CFIN","Clipan Finance Indonesia Tbk.","1990-08-27","Utama","Financials"
"CGAS","Citra Nusantara Gemilang Tbk.","2024-01-08","Pengembangan","Energy"
"CHEM","Chemstar Indonesia Tbk.","2022-07-08","Pengembangan","Basic Materials"
"CHIP","Pelita Teknologi Global Tbk.","2023-02-08","Akselerasi","Technology"
"CINT","Chitose Internasional Tbk.","2014-06-27","Pengembangan","Consumer Cyclicals"
"CITA","Cita Mineral Investindo Tbk.","2002-03-20","Pengembangan","Basic Materials"
"CITY","Natura City Developments Tbk.","2018-09-28","Pengembangan","Properties & Real Estate"
"CLAY","Citra Putra Realty Tbk.","2019-01-18","Pemantauan Khusus","Consumer Cyclicals"
"CLEO","Sariguna Primatirta Tbk.","2017-05-05","Utama","Consumer Non-Cyclicals"
"CLPI","Colorpak Indonesia Tbk.","2001-11-30","Pengembangan","Basic Materials"
"CMNP","Citra Marga Nusaphala Persada","1995-01-10","Utama","Infrastructure"
"CMNT","Cemindo Gemilang Tbk.","2021-09-08","Utama","Basic Materials"
"CMPP","AirAsia Indonesia Tbk.","1994-12-08","Pemantauan Khusus","Transportation & Logistics"
"CMRY","Cisarua Mountain Dairy Tbk.","2021-12-06","Utama","Consumer Non-Cyclicals"
"CNKO","Exploitasi Energi Indonesia Tb","2001-11-20","Pemantauan Khusus","Energy"
"CNMA","Nusantara Sejahtera Raya Tbk.","2023-08-02","Utama","Consumer Cyclicals"
"CNTX","Century Textile Industry Tbk.","1979-05-22","Pemantauan Khusus","Consumer Cyclicals"
"COAL","Black Diamond Resources Tbk.","2022-09-07","Pemantauan Khusus","Energy"
"COCO","Wahana Interfood Nusantara Tbk","2019-03-20","Pengembangan","Consumer Non-Cyclicals"
"COWL","Cowell Development Tbk.","2007-12-19","Pemantauan Khusus","Properties & Real Estate"
"CPIN","Charoen Pokphand Indonesia Tbk","1991-03-18","Utama","Consumer Non-Cyclicals"
"CPRI","Capri Nusa Satu Properti Tbk.","2019-04-11","Pemantauan Khusus","Properties & Real Estate"
"CPRO","Central Proteina Prima Tbk.","2006-11-28","Pengembangan","Consumer Non-Cyclicals"
"CRAB","Toba Surimi Industries Tbk.","2022-08-10","Pengembangan","Consumer Non-Cyclicals"
"CRSN","Carsurin Tbk.","2023-07-10","Pengembangan","Industrials"
"CSAP","Catur Sentosa Adiprana Tbk.","2007-12-12","Pengembangan","Consumer Cyclicals"
"CSIS","Cahayasakti Investindo Sukses","2017-05-10","Pemantauan Khusus","Properties & Real Estate"
"CSMI","Cia Selera Murni Tbk.","2020-04-09","Pemantauan Khusus","Consumer Cyclicals"
"CSRA","Cisadane Sawit Raya Tbk.","2020-01-09","Pengembangan","Consumer Non-Cyclicals"
"CTBN","Citra Tubindo Tbk.","1989-11-28","Pemantauan Khusus","Basic Materials"
"CTRA","Ciputra Development Tbk.","1994-03-28","Utama","Properties & Real Estate"
"CTTH","Citatah Tbk.","1996-07-03","Pemantauan Khusus","Industrials"
"CUAN","Petrindo Jaya Kreasi Tbk.","2023-03-08","Utama","Energy"
"CYBR","ITSEC Asia Tbk.","2023-08-08","Pengembangan","Technology"
"DAAZ","Daaz Bara Lestari Tbk.","2024-11-11","Utama","Basic Materials"
"DADA","Diamond Citra Propertindo Tbk.","2020-02-14","Pemantauan Khusus","Properties & Real Estate"
"DART","Duta Anggada Realty Tbk.","1990-05-08","Pengembangan","Properties & Real Estate"
"DATA","Remala Abadi Tbk.","2024-05-07","Pengembangan","Infrastructure"
"DAYA","Duta Intidaya Tbk.","2016-06-28","Pengembangan","Consumer Non-Cyclicals"
"DCII","DCI Indonesia Tbk.","2021-01-06","Pengembangan","Technology"
"DEAL","Dewata Freightinternational Tb","2018-11-11","Pemantauan Khusus","Transportation & Logistics"
"DEFI","Danasupra Erapacific Tbk.","2001-07-06","Pemantauan Khusus","Financials"
"DEPO","Caturkarda Depo Bangunan Tbk.","2021-11-25","Pengembangan","Consumer Cyclicals"
"DEWA","Darma Henwa Tbk","2007-09-26","Utama","Energy"
"DEWI","Dewi Shri Farmindo Tbk.","2022-07-18","Pengembangan","Consumer Non-Cyclicals"
"DFAM","Dafam Property Indonesia Tbk.","2018-04-27","Pengembangan","Consumer Cyclicals"
"DGIK","Nusa Konstruksi Enjiniring Tbk","2007-12-19","Pengembangan","Infrastructure"
"DGNS","Diagnos Laboratorium Utama Tbk","2021-01-15","Pengembangan","Healthcare"
"DIGI","Arkadia Digital Media Tbk.","2018-09-18","Pemantauan Khusus","Consumer Cyclicals"
"DILD","Intiland Development Tbk.","1991-09-04","Utama","Properties & Real Estate"
"DIVA","Distribusi Voucher Nusantara T","2018-11-27","Pengembangan","Technology"
"DKFT","Central Omega Resources Tbk.","1997-11-21","Pengembangan","Basic Materials"
"DLTA","Delta Djakarta Tbk.","1984-02-27","Utama","Consumer Non-Cyclicals"
"DMAS","Puradelta Lestari Tbk.","2015-05-29","Utama","Properties & Real Estate"
"DMMX","Digital Mediatama Maxima Tbk.","2019-10-21","Pengembangan","Technology"
"DMND","Diamond Food Indonesia Tbk.","2020-01-22","Pemantauan Khusus","Consumer Non-Cyclicals"
"DNAR","Bank Oke Indonesia Tbk.","2014-07-11","Pengembangan","Financials"
"DNET","Indoritel Makmur Internasional","2000-12-11","Pengembangan","Financials"
"DOID","Delta Dunia Makmur Tbk.","2001-06-15","Utama","Energy"
"DOOH","Era Media Sejahtera Tbk.","2023-05-08","Pengembangan","Consumer Cyclicals"
"DOSS","Global Sukses Digital Tbk.","2024-08-07","Pengembangan","Consumer Cyclicals"
"DPNS","Duta Pertiwi Nusantara Tbk.","1990-08-08","Pengembangan","Basic Materials"
"DPUM","Dua Putra Utama Makmur Tbk.","2015-12-08","Pemantauan Khusus","Consumer Non-Cyclicals"
"DRMA","Dharma Polimetal Tbk.","2021-12-20","Utama","Consumer Cyclicals"
"DSFI","Dharma Samudera Fishing Indust","2000-03-24","Pengembangan","Consumer Non-Cyclicals"
"DSNG","Dharma Satya Nusantara Tbk.","2013-06-14","Utama","Consumer Non-Cyclicals"
"DSSA","Dian Swastatika Sentosa Tbk","2009-12-10","Utama","Energy"
"PTDU","Djasa Ubersakti Tbk.","2020-12-08","Pemantauan Khusus","Infrastructure"
"DUCK","Jaya Bersama Indo Tbk.","2018-10-10","Pemantauan Khusus","Consumer Cyclicals"
"DUTI","Duta Pertiwi Tbk","1994-11-02","Pemantauan Khusus","Properties & Real Estate"
"DVLA","Darya-Varia Laboratoria Tbk.","1994-11-11","Pengembangan","Healthcare"
"DWGL","Dwi Guna Laksana Tbk.","2017-12-13","Pengembangan","Energy"
"DYAN","Dyandra Media International Tb","2013-03-25","Pengembangan","Industrials"
"EAST","Eastparc Hotel Tbk.","2019-07-09","Pengembangan","Consumer Cyclicals"
"ECII","Electronic City Indonesia Tbk.","2013-07-03","Pengembangan","Consumer Cyclicals"
"EDGE","Indointernet Tbk.","2021-02-08","Pengembangan","Technology"
"EKAD","Ekadharma International Tbk.","1990-08-14","Pengembangan","Basic Materials"
"ELIT","Data Sinergitama Jaya Tbk.","2023-01-06","Pengembangan","Technology"
"ELPI","Pelayaran Nasional Ekalya Purn","2022-08-08","Utama","Transportation & Logistics"
"ELSA","Elnusa Tbk.","2008-02-06","Utama","Energy"
"ELTY","Bakrieland Development Tbk.","1995-10-30","Pemantauan Khusus","Properties & Real Estate"
"EMDE","Megapolitan Developments Tbk.","2011-01-12","Pengembangan","Properties & Real Estate"
"EMTK","Elang Mahkota Teknologi Tbk.","2010-01-12","Utama","Technology"
"ENAK","Champ Resto Indonesia Tbk.","2022-02-08","Pengembangan","Consumer Cyclicals"
"ENRG","Energi Mega Persada Tbk.","2004-06-07","Utama","Energy"
"ENVY","Envy Technologies Indonesia Tb","2019-07-08","Pemantauan Khusus","Technology"
"ENZO","Morenzo Abadi Perkasa Tbk.","2020-09-14","Pemantauan Khusus","Consumer Non-Cyclicals"
"EPAC","Megalestari Epack Sentosaraya","2020-07-01","Pemantauan Khusus","Basic Materials"
"EPMT","Enseval Putera Megatrading Tbk","1994-08-01","Pengembangan","Consumer Non-Cyclicals"
"ERAA","Erajaya Swasembada Tbk.","2011-12-14","Utama","Consumer Cyclicals"
"ERAL","Sinar Eka Selaras Tbk.","2023-08-08","Utama","Consumer Cyclicals"
"ERTX","Eratex Djaja Tbk.","1990-08-21","Pengembangan","Consumer Cyclicals"
"ESIP","Sinergi Inti Plastindo Tbk.","2019-11-14","Pemantauan Khusus","Basic Materials"
"ESSA","ESSA Industries Indonesia Tbk.","2012-02-01","Utama","Basic Materials"
"ESTA","Esta Multi Usaha Tbk.","2020-03-09","Pengembangan","Consumer Cyclicals"
"ESTI","Ever Shine Tex Tbk.","1992-10-13","Pemantauan Khusus","Consumer Cyclicals"
"ETWA","Eterindo Wahanatama Tbk","1997-05-16","Pemantauan Khusus","Basic Materials"
"EURO","Estee Gold Feet Tbk.","2022-08-08","Akselerasi","Consumer Non-Cyclicals"
"EXCL","XL Axiata Tbk.","2005-09-29","Utama","Infrastructure"
"FAPA","FAP Agri Tbk.","2021-01-04","Pengembangan","Consumer Non-Cyclicals"
"FAST","Fast Food Indonesia Tbk.","1993-05-11","Pengembangan","Consumer Cyclicals"
"FASW","Fajar Surya Wisesa Tbk.","1994-12-19","Pemantauan Khusus","Basic Materials"
"FILM","MD Entertainment Tbk.","2018-08-07","Utama","Consumer Cyclicals"
"FIMP","Fimperkasa Utama Tbk.","2021-04-09","Pemantauan Khusus","Infrastructure"
"FIRE","Alfa Energi Investama Tbk.","2017-06-09","Pengembangan","Energy"
"FISH","FKS Multi Agro Tbk.","2002-01-18","Pemantauan Khusus","Consumer Non-Cyclicals"
"FITT","Hotel Fitra International Tbk.","2019-06-11","Pengembangan","Consumer Cyclicals"
"FLMC","Falmaco Nonwoven Industri Tbk.","2021-07-08","Akselerasi","Consumer Non-Cyclicals"
"FMII","Fortune Mate Indonesia Tbk","2000-06-30","Pengembangan","Properties & Real Estate"
"FOLK","Multi Garam Utama Tbk.","2023-08-07","Pengembangan","Industrials"
"FOOD","Sentra Food Indonesia Tbk.","2019-01-08","Pengembangan","Consumer Non-Cyclicals"
"FORU","Fortune Indonesia Tbk","2002-01-17","Pengembangan","Consumer Cyclicals"
"FORZ","Forza Land Indonesia Tbk.","2017-04-28","Pemantauan Khusus","Properties & Real Estate"
"FPNI","Lotte Chemical Titan Tbk.","2002-03-21","Pengembangan","Basic Materials"
"FREN","Smartfren Telecom Tbk.","2006-11-29","Pemantauan Khusus","Infrastructure"
"FUJI","Fuji Finance Indonesia Tbk.","2019-07-09","Pengembangan","Financials"
"FUTR","Lini Imaji Kreasi Ekosistem Tb","2023-02-27","Pemantauan Khusus","Consumer Cyclicals"
"FWCT","Wijaya Cahaya Timber Tbk.","2023-02-01","Pengembangan","Basic Materials"
"GAMA","Aksara Global Development Tbk.","2012-07-11","Pemantauan Khusus","Properties & Real Estate"
"GDST","Gunawan Dianjaya Steel Tbk.","2009-12-23","Pengembangan","Basic Materials"
"GDYR","Goodyear Indonesia Tbk.","1980-12-22","Pengembangan","Consumer Cyclicals"
"GEMA","Gema Grahasarana Tbk.","2002-08-12","Pengembangan","Consumer Cyclicals"
"GEMS","Golden Energy Mines Tbk.","2011-11-17","Utama","Energy"
"GGRM","Gudang Garam Tbk.","1990-08-27","Utama","Consumer Non-Cyclicals"
"GGRP","Gunung Raja Paksi Tbk.","2019-09-19","Pemantauan Khusus","Basic Materials"
"GHON","Gihon Telekomunikasi Indonesia","2018-04-09","Pengembangan","Infrastructure"
"GIAA","Garuda Indonesia (Persero) Tbk","2011-02-11","Pemantauan Khusus","Transportation & Logistics"
"GJTL","Gajah Tunggal Tbk.","1990-05-08","Utama","Consumer Cyclicals"
"GLOB","Globe Kita Terang Tbk.","2012-07-10","Pemantauan Khusus","Consumer Cyclicals"
"GLVA","Galva Technologies Tbk.","2019-12-23","Pengembangan","Technology"
"GMFI","Garuda Maintenance Facility Ae","2017-10-10","Pemantauan Khusus","Infrastructure"
"GMTD","Gowa Makassar Tourism Developm","2000-12-11","Pengembangan","Properties & Real Estate"
"GOLD","Visi Telekomunikasi Infrastruk","2010-07-07","Pengembangan","Infrastructure"
"GOLF","Intra Golflink Resorts Tbk.","2024-07-08","Utama","Consumer Cyclicals"
"GOLL","Golden Plantation Tbk.","2014-12-23","Pemantauan Khusus","Consumer Non-Cyclicals"
"GOOD","Garudafood Putra Putri Jaya Tb","2018-10-10","Utama","Consumer Non-Cyclicals"
"GOTO","GoTo Gojek Tokopedia Tbk.","2022-04-11","Ekonomi Baru","Technology"
"GPRA","Perdana Gapuraprima Tbk.","2007-10-10","Pengembangan","Properties & Real Estate"
"GPSO","Geoprima Solusi Tbk.","2021-09-06","Pengembangan","Industrials"
"GRIA","Ingria Pratama Capitalindo Tbk","2023-08-08","Pengembangan","Properties & Real Estate"
"GRPH","Griha Putra Persada Tbk.","2024-01-17","Pengembangan","Consumer Cyclicals"
"GRPM","Graha Prima Mentari Tbk.","2023-07-10","Akselerasi","Consumer Non-Cyclicals"
"GSMF","Equity Development Investment","1989-10-23","Pengembangan","Financials"
"GTBO","Garda Tujuh Buana Tbk","2009-07-09","Pengembangan","Energy"
"GTRA","Grahaprima Suksesmandiri Tbk.","2023-03-30","Pengembangan","Transportation & Logistics"
"GTSI","GTS Internasional Tbk.","2021-09-08","Pemantauan Khusus","Energy"
"GULA","Aman Agrindo Tbk.","2022-08-03","Pengembangan","Consumer Non-Cyclicals"
"GUNA","Gunanusa Eramandiri Tbk.","2024-07-09","Pengembangan","Consumer Non-Cyclicals"
"GWSA","Greenwood Sejahtera Tbk.","2011-12-23","Utama","Consumer Cyclicals"
"GZCO","Gozco Plantations Tbk.","2008-05-15","Pengembangan","Consumer Non-Cyclicals"
"HADE","Himalaya Energi Perkasa Tbk.","2004-04-12","Pemantauan Khusus","Infrastructure"
"HAIS","Hasnur Internasional Shipping","2021-09-01","Pengembangan","Transportation & Logistics"
"HAJJ","Arsy Buana Travelindo Tbk.","2023-04-05","Akselerasi","Consumer Cyclicals"
"HALO","Haloni Jane Tbk.","2023-02-08","Pengembangan","Healthcare"
"HATM","Habco Trans Maritima Tbk.","2022-07-26","Utama","Transportation & Logistics"
"HBAT","Minahasa Membangun Hebat Tbk.","2023-08-07","Akselerasi","Properties & Real Estate"
"HDFA","Radana Bhaskara Finance Tbk.","2011-05-10","Pengembangan","Financials"
"HDIT","Hensel Davest Indonesia Tbk.","2019-07-12","Pemantauan Khusus","Technology"
"HDTX","Panasia Indo Resources Tbk.","1990-06-06","Pemantauan Khusus","Consumer Cyclicals"
"HEAL","Medikaloka Hermina Tbk.","2018-05-16","Utama","Healthcare"
"HELI","Jaya Trishindo Tbk.","2018-03-27","Pengembangan","Transportation & Logistics"
"HERO","Hero Supermarket Tbk.","1989-08-21","Pengembangan","Consumer Non-Cyclicals"
"HEXA","Hexindo Adiperkasa Tbk.","1995-02-13","Utama","Industrials"
"HILL","Hillcon Tbk.","2023-03-01","Utama","Energy"
"HITS","Humpuss Intermoda Transportasi","1997-12-15","Utama","Energy"
"HKMU","HK Metals Utama Tbk.","2018-10-09","Pemantauan Khusus","Basic Materials"
"HMSP","H.M. Sampoerna Tbk.","1990-08-15","Pengembangan","Consumer Non-Cyclicals"
"HOKI","Buyung Poetra Sembada Tbk.","2017-06-22","Utama","Consumer Non-Cyclicals"
"HOME","Hotel Mandarine Regency Tbk.","2008-07-17","Pemantauan Khusus","Consumer Cyclicals"
"HOMI","Grand House Mulia Tbk.","2020-09-10","Pengembangan","Properties & Real Estate"
"HOPE","Harapan Duta Pertiwi Tbk.","2021-05-24","Pemantauan Khusus","Industrials"
"HOTL","Saraswati Griya Lestari Tbk.","2013-01-10","Pemantauan Khusus","Consumer Cyclicals"
"HRME","Menteng Heritage Realty Tbk.","2019-04-12","Pemantauan Khusus","Consumer Cyclicals"
"HRTA","Hartadinata Abadi Tbk.","2017-06-21","Utama","Consumer Cyclicals"
"HRUM","Harum Energy Tbk.","2010-10-06","Utama","Energy"
"HUMI","Humpuss Maritim Internasional","2023-08-09","Utama","Energy"
"HYGN","Ecocare Indo Pasifik Tbk.","2024-02-13","Pengembangan","Industrials"
"IATA","MNC Energy Investments Tbk.","2006-09-13","Pemantauan Khusus","Energy"
"IBFN","Intan Baru Prana Tbk.","2014-12-22","Pemantauan Khusus","Industrials"
"IBOS","Indo Boga Sukses Tbk.","2022-04-25","Akselerasi","Consumer Non-Cyclicals"
"IBST","Inti Bangun Sejahtera Tbk.","2012-08-31","Pemantauan Khusus","Infrastructure"
"ICBP","Indofood CBP Sukses Makmur Tbk","2010-10-07","Utama","Consumer Non-Cyclicals"
"ICON","Island Conces Indonesia Tbk.","2005-07-08","Pemantauan Khusus","Industrials"
"IDEA","Idea Indonesia Akademi Tbk.","2021-09-09","Akselerasi","Consumer Cyclicals"
"IDPR","Indonesia Pondasi Raya Tbk.","2015-12-10","Pengembangan","Infrastructure"
"IFII","Indonesia Fibreboard Industry","2019-12-10","Pengembangan","Basic Materials"
"IFSH","Ifishdeco Tbk.","2019-12-05","Pengembangan","Basic Materials"
"IGAR","Champion Pacific Indonesia Tbk","1990-11-05","Pengembangan","Basic Materials"
"IIKP","Inti Agri Resources Tbk","2002-10-14","Pemantauan Khusus","Consumer Cyclicals"
"IKAI","Intikeramik Alamasri Industri","1997-06-04","Pemantauan Khusus","Industrials"
"IKAN","Era Mandiri Cemerlang Tbk.","2020-02-12","Pemantauan Khusus","Consumer Non-Cyclicals"
"IKBI","Sumi Indo Kabel Tbk.","1991-01-21","Pengembangan","Industrials"
"IKPM","Ikapharmindo Putramas Tbk.","2023-11-08","Pengembangan","Healthcare"
"IMAS","Indomobil Sukses Internasional","1993-11-15","Utama","Consumer Cyclicals"
"IMJS","Indomobil Multi Jasa Tbk.","2013-12-10","Pengembangan","Transportation & Logistics"
"IMPC","Impack Pratama Industri Tbk.","2014-12-17","Utama","Industrials"
"INAF","Indofarma Tbk.","2001-04-17","Pemantauan Khusus","Healthcare"
"INAI","Indal Aluminium Industry Tbk.","1994-12-05","Pengembangan","Basic Materials"
"INCF","Indo Komoditi Korpora Tbk.","2016-09-06","Pemantauan Khusus","Basic Materials"
"INCI","Intanwijaya Internasional Tbk","1990-07-24","Pengembangan","Basic Materials"
"INCO","Vale Indonesia Tbk.","1990-05-16","Utama","Basic Materials"
"INDF","Indofood Sukses Makmur Tbk.","1994-07-14","Utama","Consumer Non-Cyclicals"
"INDO","Royalindo Investa Wijaya Tbk.","2020-01-13","Pengembangan","Properties & Real Estate"
"INDR","Indo-Rama Synthetics Tbk.","1990-08-03","Pengembangan","Consumer Cyclicals"
"INDS","Indospring Tbk.","1990-08-10","Pengembangan","Consumer Cyclicals"
"INDX","Tanah Laut Tbk","2001-05-17","Pengembangan","Industrials"
"INDY","Indika Energy Tbk.","2008-06-11","Utama","Energy"
"INET","Sinergi Inti Andalan Prima Tbk","2023-07-24","Pengembangan","Infrastructure"
"INKP","Indah Kiat Pulp & Paper Tbk.","1990-07-16","Utama","Basic Materials"
"INOV","Inocycle Technology Group Tbk.","2019-07-10","Pengembangan","Consumer Cyclicals"
"INPC","Bank Artha Graha Internasional","1990-08-23","Utama","Financials"
"INPP","Indonesian Paradise Property T","2004-01-12","Pengembangan","Properties & Real Estate"
"INPS","Indah Prakasa Sentosa Tbk.","2018-04-06","Pengembangan","Energy"
"INRU","Toba Pulp Lestari Tbk.","1990-06-18","Pengembangan","Basic Materials"
"INTA","Intraco Penta Tbk.","1993-08-23","Pemantauan Khusus","Industrials"
"INTD","Inter Delta Tbk","1989-12-18","Pengembangan","Basic Materials"
"INTP","Indocement Tunggal Prakarsa Tb","1989-12-05","Utama","Basic Materials"
"IOTF","Sumber Sinergi Makmur Tbk.","2023-10-06","Pengembangan","Technology"
"IPAC","Era Graharealty Tbk.","2021-06-30","Akselerasi","Properties & Real Estate"
"IPCC","Indonesia Kendaraan Terminal T","2018-07-09","Utama","Infrastructure"
"IPCM","Jasa Armada Indonesia Tbk.","2017-12-22","Pengembangan","Infrastructure"
"IPOL","Indopoly Swakarsa Industry Tbk","2010-07-09","Pengembangan","Basic Materials"
"IPPE","Indo Pureco Pratama Tbk.","2021-12-09","Pemantauan Khusus","Consumer Non-Cyclicals"
"IRRA","Itama Ranoraya Tbk.","2019-10-15","Pengembangan","Healthcare"
"IRSX","Aviana Sinar Abadi Tbk.","2023-02-07","Pemantauan Khusus","Technology"
"PTIS","Indo Straits Tbk.","2011-07-12","Pengembangan","Energy"
"ISAP","Isra Presisi Indonesia Tbk.","2022-12-09","Akselerasi","Consumer Cyclicals"
"ISAT","Indosat Tbk.","1994-10-19","Utama","Infrastructure"
"ISEA","Indo American Seafoods Tbk.","2024-07-08","Pengembangan","Consumer Non-Cyclicals"
"ISSP","Steel Pipe Industry of Indones","2013-02-22","Utama","Basic Materials"
"ITIC","Indonesian Tobacco Tbk.","2019-07-04","Pengembangan","Consumer Non-Cyclicals"
"ITMA","Sumber Energi Andalan Tbk.","1990-12-10","Pengembangan","Energy"
"ITMG","Indo Tambangraya Megah Tbk.","2007-12-18","Utama","Energy"
"IPTV","MNC Vision Networks Tbk.","2019-07-08","Pemantauan Khusus","Consumer Cyclicals"
"JARR","Jhonlin Agro Raya Tbk.","2022-08-04","Utama","Consumer Non-Cyclicals"
"JAST","Jasnita Telekomindo Tbk.","2019-05-16","Pemantauan Khusus","Infrastructure"
"JATI","Informasi Teknologi Indonesia","2023-05-08","Pengembangan","Technology"
"JAWA","Jaya Agra Wattie Tbk.","2011-05-30","Pengembangan","Consumer Non-Cyclicals"
"JAYA","Armada Berjaya Trans Tbk.","2019-02-21","Pengembangan","Transportation & Logistics"
"JECC","Jembo Cable Company Tbk.","1992-11-18","Pengembangan","Industrials"
"JGLE","Graha Andrasentra Propertindo","2016-06-29","Pemantauan Khusus","Consumer Cyclicals"
"JIHD","Jakarta International Hotels &","1984-02-29","Pemantauan Khusus","Consumer Cyclicals"
"JKON","Jaya Konstruksi Manggala Prata","2007-12-04","Utama","Infrastructure"
"JKSW","Jakarta Kyoei Steel Works Tbk.","1997-08-06","Pemantauan Khusus","Basic Materials"
"JMAS","Asuransi Jiwa Syariah Jasa Mit","2017-12-18","Pengembangan","Financials"
"JPFA","Japfa Comfeed Indonesia Tbk.","1989-10-23","Utama","Consumer Non-Cyclicals"
"JRPT","Jaya Real Property Tbk.","1994-06-29","Pengembangan","Properties & Real Estate"
"JSPT","Jakarta Setiabudi Internasiona","1998-01-12","Pengembangan","Consumer Cyclicals"
"JSKY","Sky Energy Indonesia Tbk.","2018-03-28","Pemantauan Khusus","Energy"
"JSMR","Jasa Marga (Persero) Tbk.","2007-11-12","Utama","Infrastructure"
"JTPE","Jasuindo Tiga Perkasa Tbk.","2002-04-16","Utama","Industrials"
"KAEF","Kimia Farma Tbk.","2001-07-04","Pengembangan","Healthcare"
"KARW","Meratus Jasa Prima Tbk.","1994-12-20","Pemantauan Khusus","Infrastructure"
"KAYU","Darmi Bersaudara Tbk.","2019-07-04","Pemantauan Khusus","Basic Materials"
"KBAG","Karya Bersama Anugerah Tbk.","2020-04-08","Pemantauan Khusus","Properties & Real Estate"
"KBLI","KMI Wire & Cable Tbk.","1992-07-06","Utama","Industrials"
"KBLM","Kabelindo Murni Tbk.","1992-06-01","Pengembangan","Industrials"
"KBLV","First Media Tbk.","2000-02-25","Pemantauan Khusus","Infrastructure"
"KBRI","Kertas Basuki Rachmat Indonesi","2008-07-11","Pemantauan Khusus","Basic Materials"
"KDSI","Kedawung Setia Industrial Tbk.","1996-07-29","Pengembangan","Basic Materials"
"KDTN","Puri Sentul Permai Tbk.","2022-11-09","Pengembangan","Consumer Cyclicals"
"KEEN","Kencana Energi Lestari Tbk.","2019-09-02","Utama","Infrastructure"
"KEJU","Mulia Boga Raya Tbk.","2019-11-25","Pengembangan","Consumer Non-Cyclicals"
"KETR","Ketrosden Triasmitra Tbk.","2021-01-11","Pengembangan","Infrastructure"
"KIAS","Keramika Indonesia Assosiasi T","1994-12-08","Pemantauan Khusus","Industrials"
"KICI","Kedaung Indah Can Tbk","1993-10-28","Pengembangan","Consumer Cyclicals"
"KIJA","Kawasan Industri Jababeka Tbk.","1995-01-10","Utama","Properties & Real Estate"
"KING","Hoffmen Cleanindo Tbk.","2023-02-16","Akselerasi","Industrials"
"KINO","Kino Indonesia Tbk.","2015-12-11","Pengembangan","Consumer Non-Cyclicals"
"KIOS","Kioson Komersial Indonesia Tbk","2017-10-05","Pengembangan","Technology"
"KJEN","Krida Jaringan Nusantara Tbk.","2019-07-01","Pengembangan","Transportation & Logistics"
"KKES","Kusuma Kemindo Sentosa Tbk.","2022-08-08","Pemantauan Khusus","Basic Materials"
"KKGI","Resource Alam Indonesia Tbk.","1991-07-01","Utama","Energy"
"KLAS","Pelayaran Kurnia Lautan Semest","2023-06-12","Pengembangan","Transportation & Logistics"
"KLBF","Kalbe Farma Tbk.","1991-07-30","Utama","Healthcare"
"KLIN","Klinko Karya Imaji Tbk.","2022-08-09","Pemantauan Khusus","Consumer Cyclicals"
"KMDS","Kurniamitra Duta Sentosa Tbk.","2020-09-07","Pengembangan","Consumer Non-Cyclicals"
"KMTR","Kirana Megatara Tbk.","2017-06-19","Pengembangan","Basic Materials"
"KOBX","Kobexindo Tractors Tbk.","2012-07-05","Pengembangan","Industrials"
"KOCI","Kokoh Exa Nusantara Tbk.","2023-10-07","Pengembangan","Properties & Real Estate"
"KOIN","Kokoh Inti Arebama Tbk","2008-04-09","Pemantauan Khusus","Industrials"
"KOKA","Koka Indonesia Tbk.","2023-10-11","Pengembangan","Infrastructure"
"KONI","Perdana Bangun Pusaka Tbk","1995-08-22","Pemantauan Khusus","Industrials"
"KOPI","Mitra Energi Persada Tbk.","2015-05-04","Pengembangan","Energy"
"KOTA","DMS Propertindo Tbk.","2019-07-09","Pemantauan Khusus","Consumer Cyclicals"
"KPAL","Steadfast Marine Tbk.","2018-06-08","Pemantauan Khusus","Industrials"
"KPAS","Cottonindo Ariesta Tbk.","2018-10-05","Pemantauan Khusus","Consumer Non-Cyclicals"
"KPIG","MNC Land Tbk.","2000-03-30","Pengembangan","Consumer Cyclicals"
"KRAH","Grand Kartech Tbk.","2013-11-08","Pemantauan Khusus","Industrials"
"KRAS","Krakatau Steel (Persero) Tbk.","2010-11-10","Pengembangan","Basic Materials"
"KREN","Quantum Clovera Investama Tbk.","2002-06-28","Pemantauan Khusus","Technology"
"KRYA","Bangun Karya Perkasa Jaya Tbk.","2022-07-25","Pengembangan","Infrastructure"
"KUAS","Ace Oldfields Tbk.","2021-10-25","Pengembangan","Industrials"
"LABA","Green Power Group Tbk.","2021-06-10","Pengembangan","Industrials"
"LABS","UBC Medical Indonesia Tbk.","2024-07-10","Pengembangan","Healthcare"
"LAJU","Jasa Berdikari Logistics Tbk.","2023-01-27","Pengembangan","Transportation & Logistics"
"LAND","Trimitra Propertindo Tbk.","2018-08-23","Pemantauan Khusus","Properties & Real Estate"
"LAPD","Leyand International Tbk.","2001-07-17","Pemantauan Khusus","Consumer Non-Cyclicals"
"LCGP","Eureka Prima Jakarta Tbk.","2007-07-13","Pemantauan Khusus","Properties & Real Estate"
"LCKM","LCK Global Kedaton Tbk.","2018-01-16","Pengembangan","Infrastructure"
"LEAD","Logindo Samudramakmur Tbk.","2013-12-11","Pengembangan","Energy"
"LFLO","Imago Mulia Persada Tbk.","2021-04-07","Akselerasi","Consumer Cyclicals"
"LIFE","MSIG Life Insurance Indonesia","2019-07-09","Pengembangan","Financials"
"LINK","Link Net Tbk.","2014-06-02","Pengembangan","Infrastructure"
"LION","Lion Metal Works Tbk.","1993-08-20","Pemantauan Khusus","Industrials"
"LIVE","Homeco Victoria Makmur Tbk.","2024-02-12","Pengembangan","Consumer Cyclicals"
"LMAS","Limas Indonesia Makmur Tbk","2001-12-28","Pemantauan Khusus","Technology"
"LMAX","Lupromax Pelumas Indonesia Tbk","2023-08-09","Akselerasi","Consumer Cyclicals"
"LMPI","Langgeng Makmur Industri Tbk.","1994-10-17","Pengembangan","Consumer Cyclicals"
"LMSH","Lionmesh Prima Tbk.","1990-06-04","Pemantauan Khusus","Basic Materials"
"LOPI","Logisticsplus International Tb","2023-10-11","Akselerasi","Transportation & Logistics"
"LPCK","Lippo Cikarang Tbk","1997-07-24","Utama","Properties & Real Estate"
"LPGI","Lippo General Insurance Tbk.","1997-07-22","Pemantauan Khusus","Financials"
"LPIN","Multi Prima Sejahtera Tbk","1990-02-05","Pengembangan","Consumer Cyclicals"
"LPKR","Lippo Karawaci Tbk.","1996-06-28","Utama","Properties & Real Estate"
"LPLI","Star Pacific Tbk","1989-10-23","Pengembangan","Properties & Real Estate"
"LPPF","Matahari Department Store Tbk.","1989-10-09","Utama","Consumer Cyclicals"
"LPPS","Lenox Pasifik Investama Tbk.","1994-03-28","Pengembangan","Financials"
"LRNA","Eka Sari Lorena Transport Tbk.","2014-04-15","Pengembangan","Transportation & Logistics"
"LSIP","PP London Sumatra Indonesia Tb","1996-07-05","Utama","Consumer Non-Cyclicals"
"LTLS","Lautan Luas Tbk.","1997-07-21","Utama","Basic Materials"
"LUCK","Sentral Mitra Informatika Tbk.","2018-11-28","Pengembangan","Technology"
"LUCY","Lima Dua Lima Tiga Tbk.","2021-05-05","Akselerasi","Consumer Cyclicals"
"MABA","Marga Abhinaya Abadi Tbk.","2017-06-22","Pemantauan Khusus","Consumer Cyclicals"
"MAGP","Multi Agro Gemilang Plantation","2013-01-16","Pemantauan Khusus","Consumer Non-Cyclicals"
"MAHA","Mandiri Herindo Adiperkasa Tbk","2023-07-25","Utama","Energy"
"MAIN","Malindo Feedmill Tbk.","2006-02-10","Utama","Consumer Non-Cyclicals"
"MAMI","Mas Murni Indonesia Tbk","1994-02-09","Pemantauan Khusus","Consumer Cyclicals"
"MANG","Manggung Polahraya Tbk.","2024-01-11","Akselerasi","Infrastructure"
"MAPA","Map Aktif Adiperkasa Tbk.","2018-07-05","Utama","Consumer Cyclicals"
"MAPB","MAP Boga Adiperkasa Tbk.","2017-06-21","Pemantauan Khusus","Consumer Cyclicals"
"MAPI","Mitra Adiperkasa Tbk.","2004-11-10","Utama","Consumer Cyclicals"
"MARI","Mahaka Radio Integra Tbk.","2016-02-11","Pengembangan","Consumer Cyclicals"
"MARK","Mark Dynamics Indonesia Tbk.","2017-07-12","Utama","Industrials"
"MASA","Multistrada Arah Sarana Tbk.","2005-06-09","Utama","Consumer Cyclicals"
"MASB","Bank Multiarta Sentosa Tbk.","2021-06-30","Pengembangan","Financials"
"MAXI","Maxindo Karya Anugerah Tbk.","2023-06-12","Pengembangan","Consumer Non-Cyclicals"
"MAYA","Bank Mayapada Internasional Tb","1997-08-29","Utama","Financials"
"MBAP","Mitrabara Adiperdana Tbk.","2014-07-10","Pengembangan","Energy"
"MBMA","Merdeka Battery Materials Tbk.","2023-04-18","Pengembangan","Basic Materials"
"MBSS","Mitrabahtera Segara Sejati Tbk","2011-04-06","Utama","Energy"
"MBTO","Martina Berto Tbk.","2011-01-13","Pengembangan","Consumer Non-Cyclicals"
"MCAS","M Cash Integrasi Tbk.","2017-11-01","Utama","Technology"
"MCOL","Prima Andalan Mandiri Tbk.","2021-09-07","Utama","Energy"
"MCOR","Bank China Construction Bank I","2007-07-03","Utama","Financials"
"MDIA","Intermedia Capital Tbk.","2014-04-11","Pemantauan Khusus","Consumer Cyclicals"
"MDKA","Merdeka Copper Gold Tbk.","2015-06-19","Utama","Basic Materials"
"MDKI","Emdeki Utama Tbk.","2017-09-25","Pengembangan","Basic Materials"
"MDLN","Modernland Realty Tbk.","1993-01-18","Utama","Properties & Real Estate"
"MDRN","Modern Internasional Tbk.","1991-07-16","Pemantauan Khusus","Industrials"
"MEDC","Medco Energi Internasional Tbk","1994-10-12","Utama","Energy"
"MEDS","Hetzer Medical Indonesia Tbk.","2022-08-10","Pengembangan","Healthcare"
"MEGA","Bank Mega Tbk.","2000-04-17","Utama","Financials"
"MEJA","Harta Djaya Karya Tbk.","2024-02-12","Akselerasi","Consumer Cyclicals"
"MENN","Menn Teknologi Indonesia Tbk.","2023-04-18","Akselerasi","Technology"
"MERK","Merck Tbk.","1981-07-23","Pengembangan","Healthcare"
"META","Nusantara Infrastructure Tbk.","2001-07-18","Pemantauan Khusus","Infrastructure"
"MFIN","Mandala Multifinance Tbk.","2005-09-06","Utama","Financials"
"MFMI","Multifiling Mitra Indonesia Tb","2010-12-29","Pemantauan Khusus","Industrials"
"MGLV","Panca Anugrah Wisesa Tbk.","2021-06-08","Akselerasi","Consumer Cyclicals"
"MGNA","Magna Investama Mandiri Tbk.","2014-07-08","Pemantauan Khusus","Consumer Cyclicals"
"MGRO","Mahkota Group Tbk.","2018-07-12","Pengembangan","Consumer Non-Cyclicals"
"MHKI","Multi Hanna Kreasindo Tbk.","2024-04-16","Pengembangan","Industrials"
"MICE","Multi Indocitra Tbk.","2005-12-21","Pengembangan","Consumer Cyclicals"
"MIDI","Midi Utama Indonesia Tbk.","2010-11-30","Utama","Consumer Non-Cyclicals"
"MIKA","Mitra Keluarga Karyasehat Tbk.","2015-03-24","Utama","Healthcare"
"MINA","Sanurhasta Mitra Tbk.","2017-04-28","Pemantauan Khusus","Consumer Cyclicals"
"MIRA","Mitra International Resources","1997-01-30","Pemantauan Khusus","Transportation & Logistics"
"MITI","Mitra Investindo Tbk.","1997-07-16","Pengembangan","Transportation & Logistics"
"MKAP","Multikarya Asia Pasifik Raya T","2024-02-12","Pengembangan","Energy"
"MKNT","Mitra Komunikasi Nusantara Tbk","2015-10-26","Pemantauan Khusus","Consumer Cyclicals"
"MKPI","Metropolitan Kentjana Tbk.","2009-07-10","Pengembangan","Properties & Real Estate"
"MKTR","Menthobi Karyatama Raya Tbk.","2022-11-08","Utama","Consumer Non-Cyclicals"
"MLPT","Multipolar Technology Tbk.","2013-07-08","Pengembangan","Technology"
"MLBI","Multi Bintang Indonesia Tbk.","1981-12-15","Utama","Consumer Non-Cyclicals"
"MLIA","Mulia Industrindo Tbk","1994-01-17","Utama","Industrials"
"MLPL","Multipolar Tbk.","1989-11-06","Utama","Consumer Non-Cyclicals"
"MMIX","Multi Medika Internasional Tbk","2022-12-06","Pengembangan","Healthcare"
"MMLP","Mega Manunggal Property Tbk.","2015-06-12","Utama","Properties & Real Estate"
"MNCN","Media Nusantara Citra Tbk.","2007-06-22","Utama","Consumer Cyclicals"
"MOLI","Madusari Murni Indah Tbk.","2018-08-30","Pengembangan","Basic Materials"
"MORA","Mora Telematika Indonesia Tbk.","2022-08-08","Utama","Infrastructure"
"PTMP","Mitra Pack Tbk.","2023-03-06","Pengembangan","Industrials"
"MPIX","Mitra Pedagang Indonesia Tbk.","2024-02-07","Pengembangan","Technology"
"MPMX","Mitra Pinasthika Mustika Tbk.","2013-05-29","Utama","Consumer Cyclicals"
"MPOW","Megapower Makmur Tbk.","2017-07-05","Pengembangan","Infrastructure"
"MPPA","Matahari Putra Prima Tbk.","1992-12-21","Utama","Consumer Non-Cyclicals"
"MPRO","Maha Properti Indonesia Tbk.","2018-10-09","Pengembangan","Properties & Real Estate"
"MPXL","MPX Logistics International Tb","2023-05-09","Pengembangan","Transportation & Logistics"
"PTMR","Master Print Tbk.","2024-10-08","Pengembangan","Basic Materials"
"MRAT","Mustika Ratu Tbk.","1995-07-27","Pengembangan","Consumer Non-Cyclicals"
"MREI","Maskapai Reasuransi Indonesia","1989-09-04","Pengembangan","Financials"
"MSIE","Multisarana Intan Eduka Tbk.","2023-08-10","Akselerasi","Properties & Real Estate"
"MSIN","MNC Digital Entertainment Tbk.","2018-06-08","Utama","Consumer Cyclicals"
"MSJA","Multi Spunindo Jaya Tbk.","2024-01-10","Utama","Consumer Non-Cyclicals"
"MSKY","MNC Sky Vision Tbk.","2012-07-09","Pengembangan","Consumer Cyclicals"
"MSTI","Mastersystem Infotama Tbk.","2023-11-08","Utama","Technology"
"MTDL","Metrodata Electronics Tbk.","1990-04-09","Utama","Technology"
"MTEL","Dayamitra Telekomunikasi Tbk.","2021-11-22","Utama","Infrastructure"
"MTFN","Capitalinc Investment Tbk.","1990-04-16","Pemantauan Khusus","Energy"
"MTLA","Metropolitan Land Tbk.","2011-06-20","Utama","Properties & Real Estate"
"MTMH","Murni Sadar Tbk.","2022-04-20","Utama","Healthcare"
"MTPS","Meta Epsi Tbk.","2019-04-10","Pemantauan Khusus","Infrastructure"
"MTRA","Mitra Pemuda Tbk.","2016-02-10","Pemantauan Khusus","Infrastructure"
"MTSM","Metro Realty Tbk.","1992-01-08","Pemantauan Khusus","Properties & Real Estate"
"MTWI","Malacca Trust Wuwungan Insuran","2017-10-12","Pengembangan","Financials"
"MUTU","Mutuagung Lestari Tbk.","2023-08-09","Pengembangan","Industrials"
"MYOH","Samindo Resources Tbk.","2000-07-27","Utama","Energy"
"MYOR","Mayora Indah Tbk.","1990-07-04","Utama","Consumer Non-Cyclicals"
"MYRX","Hanson International Tbk.","1990-10-31","Pemantauan Khusus","Properties & Real Estate"
"MYTX","Asia Pacific Investama Tbk.","1989-10-10","Pemantauan Khusus","Consumer Cyclicals"
"NAIK","Adiwarna Anugerah Abadi Tbk.","2024-11-13","Pengembangan","Industrials"
"NANO","Nanotech Indonesia Global Tbk.","2022-03-10","Akselerasi","Consumer Non-Cyclicals"
"NASA","Andalan Perkasa Abadi Tbk.","2017-08-07","Pemantauan Khusus","Properties & Real Estate"
"NASI","Wahana Inti Makmur Tbk.","2021-12-13","Pengembangan","Consumer Non-Cyclicals"
"NATO","Surya Permata Andalan Tbk.","2019-01-18","Pengembangan","Consumer Cyclicals"
"NAYZ","Hassana Boga Sejahtera Tbk.","2023-02-06","Akselerasi","Consumer Non-Cyclicals"
"NCKL","Trimegah Bangun Persada Tbk.","2023-04-12","Utama","Basic Materials"
"NELY","Pelayaran Nelly Dwi Putri Tbk.","2012-10-11","Pengembangan","Transportation & Logistics"
"NEST","Esta Indonesia Tbk.","2024-08-08","Pengembangan","Consumer Non-Cyclicals"
"NETV","Net Visi Media Tbk.","2022-01-26","Pemantauan Khusus","Consumer Cyclicals"
"NFCX","NFC Indonesia Tbk.","2018-07-12","Pengembangan","Technology"
"NICE","Adhi Kartiko Pratama Tbk.","2024-01-09","Pengembangan","Basic Materials"
"NICK","Charnic Capital Tbk.","2018-05-02","Pengembangan","Financials"
"NICL","PAM Mineral Tbk.","2021-07-09","Pengembangan","Basic Materials"
"NIKL","Pelat Timah Nusantara Tbk.","2009-12-14","Pengembangan","Basic Materials"
"NINE","Techno9 Indonesia Tbk.","2022-12-05","Akselerasi","Technology"
"NIPS","Nipress Tbk.","1991-07-24","Pemantauan Khusus","Consumer Cyclicals"
"NIRO","City Retail Developments Tbk.","2012-09-13","Pengembangan","Properties & Real Estate"
"NISP","Bank OCBC NISP Tbk.","1994-10-20","Utama","Financials"
"NOBU","Bank Nationalnobu Tbk.","2013-05-20","Pengembangan","Financials"
"NPGF","Nusa Palapa Gemilang Tbk.","2021-04-14","Pemantauan Khusus","Basic Materials"
"NRCA","Nusa Raya Cia Tbk.","2013-06-27","Pengembangan","Infrastructure"
"NSSS","Nusantara Sawit Sejahtera Tbk.","2023-03-10","Pengembangan","Consumer Non-Cyclicals"
"NTBK","Nusatama Berkah Tbk.","2022-02-09","Pengembangan","Industrials"
"NUSA","Sinergi Megah Internusa Tbk.","2018-07-12","Pemantauan Khusus","Consumer Cyclicals"
"NZIA","Nusantara Almazia Tbk.","2019-09-25","Pengembangan","Properties & Real Estate"
"OASA","Maharaksa Biru Energi Tbk.","2016-07-18","Pengembangan","Infrastructure"
"OBMD","OBM Drilchem Tbk.","2021-12-08","Pengembangan","Basic Materials"
"OCAP","Onix Capital Tbk.","2003-10-10","Pemantauan Khusus","Financials"
"OILS","Indo Oil Perkasa Tbk.","2021-09-06","Pengembangan","Consumer Non-Cyclicals"
"OKAS","Ancora Indonesia Resources Tbk","2006-03-29","Pengembangan","Basic Materials"
"OLIV","Oscar Mitra Sukses Sejahtera T","2022-05-17","Akselerasi","Consumer Cyclicals"
"OMED","Jayamas Medica Industri Tbk.","2022-11-08","Utama","Healthcare"
"OMRE","Indonesia Prima Property Tbk","1994-08-22","Pemantauan Khusus","Properties & Real Estate"
"OPMS","Oima Prima Metal Sinergi Tbk","2019-09-23","Pengembangan","Basic Materials"
"PACK","Solusi Kemasan Digital Tbk.","2023-02-08","Pemantauan Khusus","Basic Materials"
"PADA","Personel Alih Daya Tbk.","2022-12-08","Pemantauan Khusus","Industrials"
"PADI","Minna Padi Investama Sekuritas","2012-01-09","Pemantauan Khusus","Financials"
"PALM","Provident Investasi Bersama Tb","2012-10-08","Pengembangan","Financials"
"PAMG","Bima Sakti Pertiwi Tbk.","2019-07-05","Pengembangan","Properties & Real Estate"
"PANI","Pantai Indah Kapuk Dua Tbk.","2018-09-18","Pengembangan","Properties & Real Estate"
"PANR","Panorama Sentrawisata Tbk.","2001-09-18","Utama","Consumer Cyclicals"
"PANS","Panin Sekuritas Tbk.","2000-05-31","Utama","Financials"
"PART","Cia Perdana Lancar Tbk.","2024-07-05","Pengembangan","Consumer Cyclicals"
"PBID","Panca Budi Idaman Tbk.","2017-12-13","Utama","Basic Materials"
"PBRX","Pan Brothers Tbk.","1990-08-16","Pemantauan Khusus","Consumer Cyclicals"
"PBSA","Paramita Bangun Sarana Tbk.","2016-09-28","Pengembangan","Infrastructure"
"PCAR","Prima Cakrawala Abadi Tbk.","2017-12-29","Pengembangan","Consumer Non-Cyclicals"
"PDES","Destinasi Tirta Nusantara Tbk","2008-07-08","Pengembangan","Consumer Cyclicals"
"PDPP","Primadaya Plastisindo Tbk.","2022-11-09","Pengembangan","Basic Materials"
"PEGE","Panca Global Kapital Tbk.","2005-06-24","Pengembangan","Financials"
"PEHA","Phapros Tbk.","2018-12-26","Pengembangan","Healthcare"
"PEVE","Penta Valent Tbk.","2023-01-24","Pengembangan","Healthcare"
"PGAS","Perusahaan Gas Negara Tbk.","2003-12-15","Utama","Energy"
"PGEO","Pertamina Geothermal Energy Tb","2023-02-24","Utama","Infrastructure"
"PGJO","Tourindo Guide Indonesia Tbk.","2020-01-08","Akselerasi","Technology"
"PGLI","Pembangunan Graha Lestari Inda","2000-04-05","Pengembangan","Consumer Cyclicals"
"PGUN","Pradiksi Gunatama Tbk.","2020-07-07","Pemantauan Khusus","Consumer Non-Cyclicals"
"PICO","Pelangi Indah Canindo Tbk","1996-09-23","Pengembangan","Basic Materials"
"PIPA","Multi Makmur Lemindo Tbk.","2023-04-10","Pemantauan Khusus","Industrials"
"PJAA","Pembangunan Jaya Ancol Tbk.","2004-07-02","Pengembangan","Consumer Cyclicals"
"PKPK","Perdana Karya Perkasa Tbk","2007-07-11","Pengembangan","Energy"
"PLAN","Planet Properindo Jaya Tbk.","2020-09-15","Akselerasi","Consumer Cyclicals"
"PLAS","Polaris Investama Tbk","2001-03-16","Pemantauan Khusus","Financials"
"PLIN","Plaza Indonesia Realty Tbk.","1992-06-15","Pemantauan Khusus","Properties & Real Estate"
"PMJS","Putra Mandiri Jembar Tbk.","2019-12-18","Pengembangan","Consumer Cyclicals"
"PMMP","Panca Mitra Multiperdana Tbk.","2020-12-18","Pengembangan","Consumer Non-Cyclicals"
"PNBN","Bank Pan Indonesia Tbk","1982-12-29","Utama","Financials"
"PNBS","Bank Panin Dubai Syariah Tbk.","2014-01-15","Pengembangan","Financials"
"PNGO","Pinago Utama Tbk.","2020-08-31","Pengembangan","Consumer Non-Cyclicals"
"PNIN","Paninvest Tbk.","1983-09-20","Utama","Financials"
"PNLF","Panin Financial Tbk.","1983-06-14","Utama","Financials"
"PNSE","Pudjiadi & Sons Tbk.","1990-05-01","Pengembangan","Consumer Cyclicals"
"POLA","Pool Advista Finance Tbk.","2018-11-16","Pemantauan Khusus","Financials"
"POLI","Pollux Hotels Group Tbk.","2019-01-10","Pemantauan Khusus","Properties & Real Estate"
"POLL","Pollux Properties Indonesia Tb","2018-07-11","Pengembangan","Properties & Real Estate"
"POLU","Golden Flower Tbk.","2019-06-26","Pengembangan","Consumer Cyclicals"
"POLY","Asia Pacific Fibers Tbk","1991-03-12","Pemantauan Khusus","Consumer Cyclicals"
"POOL","Pool Advista Indonesia Tbk.","1991-05-20","Pemantauan Khusus","Financials"
"PORT","Nusantara Pelabuhan Handal Tbk","2017-03-16","Pengembangan","Infrastructure"
"POSA","Bliss Properti Indonesia Tbk.","2019-05-10","Pemantauan Khusus","Properties & Real Estate"
"POWR","Cikarang Listrindo Tbk.","2016-06-14","Utama","Infrastructure"
"PTPP","PP (Persero) Tbk.","2010-02-09","Utama","Infrastructure"
"PPGL","Prima Globalindo Logistik Tbk.","2020-07-20","Akselerasi","Transportation & Logistics"
"PPRE","PP Presisi Tbk.","2017-11-24","Pengembangan","Infrastructure"
"PPRI","Paperocks Indonesia Tbk.","2023-08-08","Pengembangan","Basic Materials"
"PPRO","PP Properti Tbk.","2015-05-19","Pemantauan Khusus","Properties & Real Estate"
"PRAS","Prima Alloy Steel Universal Tb","1990-07-12","Pemantauan Khusus","Consumer Cyclicals"
"PRAY","Famon Awal Bros Sedaya Tbk.","2022-11-08","Pengembangan","Healthcare"
"PRDA","Prodia Widyahusada Tbk.","2016-12-07","Utama","Healthcare"
"PRIM","Royal Prima Tbk.","2018-05-15","Pengembangan","Healthcare"
"PTPS","Pulau Subur Tbk.","2023-10-09","Pengembangan","Consumer Non-Cyclicals"
"PSAB","J Resources Asia Pasifik Tbk.","2003-04-22","Pengembangan","Basic Materials"
"PSDN","Prasidha Aneka Niaga Tbk","1994-10-18","Pengembangan","Consumer Non-Cyclicals"
"PSGO","Palma Serasih Tbk.","2019-11-25","Utama","Consumer Non-Cyclicals"
"PSKT","Red Planet Indonesia Tbk.","1995-09-19","Pemantauan Khusus","Consumer Cyclicals"
"PSSI","IMC Pelita Logistik Tbk.","2017-12-05","Utama","Energy"
"PUDP","Pudjiadi Prestige Tbk.","1994-11-18","Utama","Properties & Real Estate"
"PURA","Putra Rajawali Kencana Tbk.","2020-01-29","Pemantauan Khusus","Transportation & Logistics"
"PURE","Trinitan Metals and Minerals T","2019-10-09","Pemantauan Khusus","Basic Materials"
"PURI","Puri Global Sukses Tbk.","2020-09-08","Pengembangan","Properties & Real Estate"
"PTPW","Pratama Widya Tbk.","2020-02-07","Pengembangan","Infrastructure"
"PWON","Pakuwon Jati Tbk.","1989-10-09","Utama","Properties & Real Estate"
"PYFA","Pyridam Farma Tbk","2001-10-16","Pengembangan","Healthcare"
"PZZA","Sarimelati Kencana Tbk.","2018-05-23","Pengembangan","Consumer Cyclicals"
"RAAM","Tripar Multivision Plus Tbk.","2023-05-08","Utama","Consumer Cyclicals"
"RAFI","Sari Kreasi Boga Tbk.","2022-08-05","Pemantauan Khusus","Consumer Cyclicals"
"RAJA","Rukun Raharja Tbk.","2006-04-19","Utama","Energy"
"RALS","Ramayana Lestari Sentosa Tbk.","1996-07-24","Utama","Consumer Cyclicals"
"RANC","Supra Boga Lestari Tbk.","2012-06-07","Pengembangan","Consumer Non-Cyclicals"
"RBMS","Ristia Bintang Mahkotasejati T","1997-12-19","Pemantauan Khusus","Properties & Real Estate"
"RCCC","Utama Radar Cahaya Tbk.","2022-08-02","Akselerasi","Transportation & Logistics"
"RDTX","Roda Vivatex Tbk","1990-05-14","Pemantauan Khusus","Properties & Real Estate"
"REAL","Repower Asia Indonesia Tbk.","2019-12-06","Pemantauan Khusus","Properties & Real Estate"
"RELF","Graha Mitra Asia Tbk.","2023-06-22","Akselerasi","Properties & Real Estate"
"RELI","Reliance Sekuritas Indonesia T","2005-07-13","Pengembangan","Financials"
"RGAS","Kian Santang Muliatama Tbk.","2023-11-08","Pengembangan","Energy"
"RICY","Ricky Putra Globalindo Tbk","1998-01-22","Pengembangan","Consumer Cyclicals"
"RIGS","Rig Tenders Indonesia Tbk.","1990-03-05","Pengembangan","Energy"
"RIMO","Rimo International Lestari Tbk","2000-11-10","Pemantauan Khusus","Properties & Real Estate"
"RISE","Jaya Sukses Makmur Sentosa Tbk","2018-07-09","Pengembangan","Properties & Real Estate"
"RMKE","RMK Energy Tbk.","2021-12-07","Utama","Energy"
"RMKO","Royaltama Mulia Kontraktorindo","2023-07-31","Pengembangan","Energy"
"PTRO","Petrosea Tbk.","1990-05-21","Utama","Energy"
"ROCK","Rockfields Properti Indonesia","2020-09-10","Pemantauan Khusus","Properties & Real Estate"
"RODA","Pikko Land Development Tbk.","2001-10-22","Pemantauan Khusus","Properties & Real Estate"
"RONY","Aesler Grup Internasional Tbk.","2020-04-09","Pemantauan Khusus","Infrastructure"
"ROTI","Nippon Indosari Corpindo Tbk.","2010-06-28","Pengembangan","Consumer Non-Cyclicals"
"RSCH","Charlie Hospital Semarang Tbk.","2023-08-28","Pengembangan","Healthcare"
"RSGK","Kedoya Adyaraya Tbk.","2021-09-08","Utama","Healthcare"
"RUIS","Radiant Utama Interinsco Tbk.","2006-07-12","Pengembangan","Energy"
"RUNS","Global Sukses Solusi Tbk.","2021-09-08","Akselerasi","Technology"
"SAFE","Steady Safe Tbk","1994-08-15","Pengembangan","Transportation & Logistics"
"SAGE","Saausaha Gemilangindah Tbk.","2023-03-08","Pemantauan Khusus","Properties & Real Estate"
"SAME","Sarana Meditama Metropolitan T","2013-01-11","Utama","Healthcare"
"SAMF","Saraswanti Anugerah Makmur Tbk","2020-03-31","Utama","Basic Materials"
"SAPX","Satria Antaran Prima Tbk.","2018-10-03","Pengembangan","Transportation & Logistics"
"SATU","Kota Satu Properti Tbk.","2018-11-05","Pengembangan","Properties & Real Estate"
"SBAT","Sejahtera Bintang Abadi Textil","2020-04-08","Pemantauan Khusus","Consumer Cyclicals"
"SBMA","Surya Biru Murni Acetylene Tbk","2021-09-08","Pengembangan","Basic Materials"
"SCCO","Supreme Cable Manufacturing &","1982-07-20","Pengembangan","Industrials"
"SCMA","Surya Citra Media Tbk.","2002-07-16","Utama","Consumer Cyclicals"
"SCNP","Selaras Citra Nusantara Perkas","2020-09-07","Pengembangan","Consumer Cyclicals"
"SCPI","Organon Pharma Indonesia Tbk.","1990-06-08","Pengembangan","Healthcare"
"SDMU","Sidomulyo Selaras Tbk.","2011-07-12","Pemantauan Khusus","Transportation & Logistics"
"SDPC","Millennium Pharmacon Internati","1990-05-07","Pengembangan","Consumer Non-Cyclicals"
"SDRA","Bank Woori Saudara Indonesia 1","2006-12-15","Utama","Financials"
"SEMA","Semacom Integrated Tbk.","2022-01-10","Pengembangan","Energy"
"SFAN","Surya Fajar Capital Tbk.","2019-06-19","Pengembangan","Financials"
"SGER","Sumber Global Energy Tbk.","2020-08-10","Pengembangan","Energy"
"SGRO","Sampoerna Agro Tbk.","2007-06-18","Utama","Consumer Non-Cyclicals"
"SHID","Hotel Sahid Jaya International","1990-05-08","Pengembangan","Consumer Cyclicals"
"SHIP","Sillo Maritime Perdana Tbk.","2016-06-16","Utama","Energy"
"SICO","Sigma Energy Compressindo Tbk.","2022-04-08","Pengembangan","Energy"
"SIDO","Industri Jamu dan Farmasi Sido","2013-12-18","Utama","Healthcare"
"SILO","Siloam International Hospitals","2013-09-12","Utama","Healthcare"
"SIMA","Siwani Makmur Tbk","1994-06-03","Pemantauan Khusus","Basic Materials"
"SIMP","Salim Ivomas Pratama Tbk.","2011-06-09","Utama","Consumer Non-Cyclicals"
"SINI","Singaraja Putra Tbk.","2019-11-08","Pemantauan Khusus","Industrials"
"SIPD","Sreeya Sewu Indonesia Tbk.","1996-12-27","Pengembangan","Consumer Non-Cyclicals"
"SKBM","Sekar Bumi Tbk.","2012-09-28","Pengembangan","Consumer Non-Cyclicals"
"SKLT","Sekar Laut Tbk.","1993-09-08","Pengembangan","Consumer Non-Cyclicals"
"SKRN","Superkrane Mitra Utama Tbk.","2018-10-11","Pengembangan","Industrials"
"SKYB","Northcliff Citranusa Indonesia","2010-07-07","Pemantauan Khusus","Technology"
"SLIS","Gaya Abadi Sempurna Tbk.","2019-10-07","Pengembangan","Consumer Cyclicals"
"SMAR","Smart Tbk.","1992-11-20","Pengembangan","Consumer Non-Cyclicals"
"SMBR","Semen Baturaja Tbk.","2013-06-28","Utama","Basic Materials"
"SMCB","Solusi Bangun Indonesia Tbk.","1977-08-10","Pemantauan Khusus","Basic Materials"
"SMDM","Suryamas Dutamakmur Tbk.","1995-10-12","Pengembangan","Properties & Real Estate"
"SMDR","Samudera Indonesia  Tbk.","1999-07-05","Utama","Transportation & Logistics"
"SMGA","Sumber Mineral Global Abadi Tb","2024-01-30","Pengembangan","Basic Materials"
"SMGR","Semen Indonesia (Persero) Tbk.","1991-07-08","Utama","Basic Materials"
"SMIL","Sarana Mitra Luas Tbk.","2023-05-12","Utama","Industrials"
"SMKL","Satyamitra Kemas Lestari Tbk.","2019-07-11","Pengembangan","Basic Materials"
"SMKM","Sumber Mas Konstruksi Tbk.","2022-03-09","Akselerasi","Infrastructure"
"SMLE","Sinergi Multi Lestarindo Tbk.","2024-01-10","Pengembangan","Basic Materials"
"SMMA","Sinarmas Multiartha Tbk.","1995-07-05","Utama","Financials"
"SMMT","Golden Eagle Energy Tbk.","1997-12-01","Pemantauan Khusus","Energy"
"SMRA","Summarecon Agung Tbk.","1990-05-07","Utama","Properties & Real Estate"
"SMRU","SMR Utama Tbk.","2011-10-10","Pemantauan Khusus","Energy"
"SMSM","Selamat Sempurna Tbk.","1996-09-09","Utama","Consumer Cyclicals"
"PTSN","Sat Nusapersada Tbk","2007-11-08","Pengembangan","Technology"
"SNLK","Sunter Lakeside Hotel Tbk.","2021-03-29","Pengembangan","Consumer Cyclicals"
"SPTO","Surya Pertiwi Tbk.","2018-05-14","Utama","Industrials"
"SOCI","Soechi Lines Tbk.","2014-12-03","Utama","Energy"
"SOFA","Boston Furniture Industries Tb","2020-07-07","Akselerasi","Consumer Cyclicals"
"SOHO","Soho Global Health Tbk.","2020-09-08","Pengembangan","Healthcare"
"SOLA","Xolare RCR Energy Tbk.","2024-05-08","Pengembangan","Basic Materials"
"SONA","Sona Topas Tourism Industry Tb","1992-07-21","Pengembangan","Consumer Cyclicals"
"SOSS","Shield On Service Tbk.","2018-11-06","Pemantauan Khusus","Industrials"
"SOTS","Satria Mega Kencana Tbk.","2018-12-10","Pengembangan","Consumer Cyclicals"
"SOUL","Mitra Tirta Buwana Tbk.","2023-01-06","Akselerasi","Consumer Non-Cyclicals"
"PTSP","Pioneerindo Gourmet Internatio","1994-05-30","Pengembangan","Consumer Cyclicals"
"SPMA","Suparma Tbk.","1994-11-16","Pengembangan","Basic Materials"
"SPRE","Soraya Berjaya Indonesia Tbk.","2024-07-03","Akselerasi","Consumer Cyclicals"
"SQMI","Wilton Makmur Indonesia Tbk.","2004-07-15","Pemantauan Khusus","Basic Materials"
"SRAJ","Sejahteraraya Anugrahjaya Tbk.","2011-04-11","Utama","Healthcare"
"SRIL","Sri Rejeki Isman Tbk.","2013-06-17","Pemantauan Khusus","Consumer Cyclicals"
"SRSN","Indo Acidatama Tbk","1993-01-11","Pengembangan","Basic Materials"
"SRTG","Saratoga Investama Sedaya Tbk.","2013-06-26","Utama","Financials"
"SSIA","Surya Semesta Internusa Tbk.","1997-03-27","Utama","Infrastructure"
"SSMS","Sawit Sumbermas Sarana Tbk.","2013-12-12","Utama","Consumer Non-Cyclicals"
"SSTM","Sunson Textile Manufacture Tbk","1997-08-20","Pemantauan Khusus","Consumer Cyclicals"
"STAA","Sumber Tani Agung Resources Tb","2022-03-10","Utama","Consumer Non-Cyclicals"
"STAR","Buana Artha Anugerah Tbk.","2011-07-13","Pengembangan","Financials"
"STRK","Lovina Beach Brewery Tbk.","2023-10-10","Pengembangan","Consumer Non-Cyclicals"
"STTP","Siantar Top Tbk.","1996-12-16","Pengembangan","Consumer Non-Cyclicals"
"SUGI","Sugih Energy Tbk.","2002-06-19","Pemantauan Khusus","Energy"
"SULI","SLJ Global Tbk.","1994-03-21","Pengembangan","Basic Materials"
"SUNI","Sunindo Pratama Tbk.","2023-01-09","Utama","Energy"
"SUPR","Solusi Tunas Pratama Tbk.","2011-10-11","Pemantauan Khusus","Infrastructure"
"SURE","Super Energy Tbk.","2018-10-05","Pengembangan","Energy"
"SURI","Maja Agung Latexindo Tbk.","2023-12-07","Pengembangan","Healthcare"
"SWAT","Sriwahana Adityakarta Tbk.","2018-06-08","Pemantauan Khusus","Basic Materials"
"SWID","Saraswanti Indoland Developmen","2022-07-07","Pengembangan","Consumer Cyclicals"
"TALF","Tunas Alfin Tbk.","2014-01-17","Pengembangan","Basic Materials"
"TAMA","Lancartama Sejati Tbk.","2020-02-10","Pemantauan Khusus","Infrastructure"
"TAMU","Pelayaran Tamarin Samudra Tbk.","2017-05-10","Pemantauan Khusus","Energy"
"TAPG","Triputra Agro Persada Tbk.","2021-04-12","Utama","Consumer Non-Cyclicals"
"TARA","Agung Semesta Sejahtera Tbk.","2014-07-11","Pemantauan Khusus","Properties & Real Estate"
"TAXI","Express Transindo Utama Tbk.","2012-11-02","Pemantauan Khusus","Transportation & Logistics"
"TAYS","Jaya Swarasa Agung Tbk.","2021-12-06","Pengembangan","Consumer Non-Cyclicals"
"TBIG","Tower Bersama Infrastructure T","2010-10-26","Utama","Infrastructure"
"TBLA","Tunas Baru Lampung Tbk.","2000-02-14","Utama","Consumer Non-Cyclicals"
"TBMS","Tembaga Mulia Semanan Tbk.","1990-05-23","Pengembangan","Basic Materials"
"TCID","Mandom Indonesia Tbk.","1993-09-30","Pengembangan","Consumer Non-Cyclicals"
"TCPI","Transcoal Pacific Tbk.","2018-07-06","Pengembangan","Energy"
"TDPM","Tianrong Chemicals Industry Tb","2018-04-09","Pemantauan Khusus","Basic Materials"
"TEBE","Dana Brata Luhur Tbk.","2019-11-18","Utama","Energy"
"TECH","Indosterling Technomedia Tbk.","2020-06-04","Pemantauan Khusus","Technology"
"TELE","Omni Inovasi Indonesia Tbk.","2012-01-12","Pemantauan Khusus","Consumer Cyclicals"
"TFAS","Telefast Indonesia Tbk.","2019-09-17","Pengembangan","Technology"
"TFCO","Tifico Fiber Indonesia Tbk.","1980-02-26","Pemantauan Khusus","Consumer Cyclicals"
"TGKA","Tigaraksa Satria Tbk.","1990-06-11","Pengembangan","Consumer Non-Cyclicals"
"TGRA","Terregra Asia Energy Tbk.","2017-05-16","Pemantauan Khusus","Infrastructure"
"TGUK","Platinum Wahab Nusantara Tbk.","2023-07-10","Pengembangan","Consumer Non-Cyclicals"
"TIFA","KDB Tifa Finance Tbk.","2011-07-08","Pemantauan Khusus","Financials"
"TINS","Timah Tbk.","1995-10-19","Utama","Basic Materials"
"TIRA","Tira Austenite Tbk","1993-07-27","Pengembangan","Industrials"
"TIRT","Tirta Mahakam Resources Tbk","1999-12-13","Pemantauan Khusus","Basic Materials"
"TKIM","Pabrik Kertas Tjiwi Kimia Tbk.","1990-04-03","Utama","Basic Materials"
"TLDN","Teladan Prima Agro Tbk.","2022-04-12","Pengembangan","Consumer Non-Cyclicals"
"TLKM","Telkom Indonesia (Persero) Tbk.","1995-11-14","Utama","Infrastructure"
"TMAS","Temas Tbk.","2003-07-09","Utama","Transportation & Logistics"
"TMPO","Tempo Intimedia Tbk.","2001-01-08","Pengembangan","Consumer Cyclicals"
"TNCA","Trimuda Nuansa Citra Tbk.","2018-06-28","Pengembangan","Transportation & Logistics"
"TOBA","TBS Energi Utama Tbk.","2012-07-06","Utama","Energy"
"TOOL","Rohartindo Nusantara Luas Tbk.","2022-08-09","Pengembangan","Consumer Cyclicals"
"TOPS","Totalindo Eka Persada Tbk.","2017-06-16","Pemantauan Khusus","Infrastructure"
"TOSK","Topindo Solusi Komunika Tbk.","2024-02-07","Pengembangan","Technology"
"TOTL","Total Bangun Persada Tbk.","2006-07-25","Utama","Infrastructure"
"TOTO","Surya Toto Indonesia Tbk.","1990-10-30","Pengembangan","Industrials"
"TOWR","Sarana Menara Nusantara Tbk.","2010-03-08","Utama","Infrastructure"
"TOYS","Sunindo Adipersada Tbk.","2020-08-06","Pemantauan Khusus","Consumer Cyclicals"
"TPIA","Chandra Asri Pacific Tbk.","2008-05-26","Pengembangan","Basic Materials"
"TPMA","Trans Power Marine Tbk.","2013-02-20","Utama","Energy"
"TRAM","Trada Alam Minera Tbk.","2008-09-10","Pemantauan Khusus","Energy"
"TRGU","Cerestar Indonesia Tbk.","2022-07-08","Utama","Consumer Non-Cyclicals"
"TRIL","Triwira Insanlestari Tbk.","2008-01-28","Pemantauan Khusus","Industrials"
"TRIM","Trimegah Sekuritas Indonesia T","2000-01-31","Utama","Financials"
"TRIN","Perintis Triniti Properti Tbk.","2020-01-15","Pengembangan","Properties & Real Estate"
"TRIO","Trikomsel Oke Tbk.","2009-04-14","Pemantauan Khusus","Consumer Cyclicals"
"TRIS","Trisula International Tbk.","2012-06-28","Pengembangan","Consumer Cyclicals"
"TRJA","Transkon Jaya Tbk.","2020-08-27","Pengembangan","Transportation & Logistics"
"TRON","Teknologi Karya Digital Nusa T","2023-03-08","Pengembangan","Technology"
"TRST","Trias Sentosa Tbk.","1990-07-02","Pengembangan","Basic Materials"
"TRUE","Triniti Dinamik Tbk.","2021-06-10","Pemantauan Khusus","Properties & Real Estate"
"TRUK","Guna Timur Raya Tbk.","2018-05-23","Pengembangan","Transportation & Logistics"
"TRUS","Trust Finance Indonesia Tbk","2002-11-28","Pengembangan","Financials"
"TSPC","Tempo Scan Pacific Tbk.","1994-06-17","Utama","Healthcare"
"TUGU","Asuransi Tugu Pratama Indonesi","2018-05-28","Utama","Financials"
"TYRE","King Tire Indonesia Tbk.","2023-05-08","Pengembangan","Consumer Cyclicals"
"UANG","Pakuan Tbk.","2020-07-06","Pengembangan","Properties & Real Estate"
"UCID","Uni-Charm Indonesia Tbk.","2019-12-20","Utama","Consumer Non-Cyclicals"
"UDNG","Agro Bahari Nusantara Tbk.","2023-10-31","Akselerasi","Consumer Non-Cyclicals"
"UFOE","Damai Sejahtera Abadi Tbk.","2021-02-01","Pengembangan","Consumer Cyclicals"
"ULTJ","Ultrajaya Milk Industry & Trad","1990-07-02","Utama","Consumer Non-Cyclicals"
"UNIC","Unggul Indah Cahaya Tbk.","1989-11-06","Utama","Basic Materials"
"UNIQ","Ulima Nitra Tbk.","2021-03-08","Utama","Energy"
"UNIT","Nusantara Inti Corpora Tbk","2002-04-18","Pemantauan Khusus","Consumer Cyclicals"
"UNSP","Bakrie Sumatera Plantations Tbk.","1990-03-06","Pemantauan Khusus","Consumer Non-Cyclicals"
"UNTD","Terang Dunia Internusa Tbk.","2024-02-07","Pengembangan","Consumer Cyclicals"
"UNTR","United Tractors Tbk.","1989-09-19","Utama","Industrials"
"UNVR","Unilever Indonesia Tbk.","1982-01-11","Utama","Consumer Non-Cyclicals"
"URBN","Urban Jakarta Propertindo Tbk.","2018-12-10","Pengembangan","Properties & Real Estate"
"UVCR","Trimegah Karya Pratama Tbk.","2021-07-27","Pengembangan","Technology"
"VAST","Vastland Indonesia Tbk.","2023-02-08","Pengembangan","Properties & Real Estate"
"VERN","Verona Indah Pictures Tbk.","2024-10-08","Pengembangan","Consumer Cyclicals"
"VICI","Victoria Care Indonesia Tbk.","2020-12-17","Utama","Consumer Non-Cyclicals"
"VICO","Victoria Investama Tbk.","2013-07-08","Pengembangan","Financials"
"VINS","Victoria Insurance Tbk.","2015-09-28","Pengembangan","Financials"
"VISI","Satu Visi Putra Tbk.","2024-02-27","Pengembangan","Industrials"
"VIVA","Visi Media Asia Tbk.","2011-11-21","Pemantauan Khusus","Consumer Cyclicals"
"VKTR","VKTR Teknologi Mobilitas Tbk.","2023-06-19","Pengembangan","Consumer Cyclicals"
"VOKS","Voksel Electric Tbk.","1990-12-20","Pengembangan","Industrials"
"VRNA","Mizuho Leasing Indonesia Tbk.","2008-06-25","Pengembangan","Financials"
"VTNY","Venteny Fortuna International","2022-12-15","Utama","Financials"
"WAPO","Wahana Pronatural Tbk.","2001-06-22","Pengembangan","Consumer Non-Cyclicals"
"WEGE","Wijaya Karya Bangunan Gedung T","2017-11-30","Utama","Infrastructure"
"WEHA","WEHA Transportasi Indonesia Tbk.","2007-05-31","Pengembangan","Transportation & Logistics"
"WGSH","Wira Global Solusi Tbk.","2021-12-06","Akselerasi","Technology"
"WICO","Wicaksana Overseas International Tbk.","1994-08-08","Pemantauan Khusus","Consumer Non-Cyclicals"
"WIDI","Widiant Jaya Krenindo Tbk.","2023-07-10","Akselerasi","Industrials"
"WIFI","Solusi Sinergi Digital Tbk.","2020-12-30","Pengembangan","Technology"
"WIIM","Wismilak Inti Makmur Tbk.","2012-12-18","Utama","Consumer Non-Cyclicals"
"WIKA","Wijaya Karya (Persero) Tbk.","2007-10-29","Pengembangan","Infrastructure"
"WINE","Hatten Bali Tbk.","2023-01-10","Pengembangan","Consumer Non-Cyclicals"
"WINR","Winner Nusantara Jaya Tbk.","2022-04-25","Pemantauan Khusus","Properties & Real Estate"
"WINS","Wintermar Offshore Marine Tbk.","2010-11-29","Utama","Energy"
"WIRG","WIR ASIA Tbk.","2022-04-04","Pengembangan","Technology"
"WMPP","Widodo Makmur Perkasa Tbk.","2021-12-06","Pemantauan Khusus","Consumer Non-Cyclicals"
"WMUU","Widodo Makmur Unggas Tbk.","2021-02-02","Pemantauan Khusus","Consumer Non-Cyclicals"
"WOMF","Wahana Ottomitra Multiartha Tb","2004-12-13","Pengembangan","Financials"
"WOOD","Integra Indocabinet Tbk.","2017-06-21","Utama","Consumer Cyclicals"
"WOWS","Ginting Jaya Energi Tbk.","2019-11-08","Pemantauan Khusus","Energy"
"WSBP","Waskita Beton Precast Tbk.","2016-09-20","Pemantauan Khusus","Basic Materials"
"WSKT","Waskita Karya (Persero) Tbk.","2012-12-19","Pemantauan Khusus","Infrastructure"
"WTON","Wijaya Karya Beton Tbk.","2014-04-08","Utama","Basic Materials"
"YELO","Yelooo Integra Datanet Tbk.","2018-10-29","Pemantauan Khusus","Consumer Cyclicals"
"YPAS","Yanaprima Hastapersada Tbk","2008-03-05","Pemantauan Khusus","Basic Materials"
"YULE","Yulie Sekuritas Indonesia Tbk.","2004-12-10","Pengembangan","Financials"
"ZATA","Bersama Zatta Jaya Tbk.","2022-11-10","Pemantauan Khusus","Consumer Cyclicals"
"ZBRA","Dosni Roha Indonesia Tbk.","1991-08-01","Pengembangan","Industrials"
"ZINC","Kapuas Prima Coal Tbk.","2017-10-16","Pemantauan Khusus","Basic Materials"
"ZONE","Mega Perintis Tbk.","2018-12-12","Pengembangan","Consumer Cyclicals"
"ZYRX","Zyrexindo Mandiri Buana Tbk.","2021-03-30","Pengembangan","Technology"
